suite,test,result,seconds
com.hospital.mes.bootstrap.BootstrapAdminCommandIT,printsGeneratedSecretOnceAndRefusesAnotherAdministrator,PASS,1.862
com.hospital.mes.ebr.integration.EbrIT,apiPermissionsClosedDtoAndOrganizationIsolation,PASS,1.826
com.hospital.mes.ebr.integration.EbrIT,nativeApiRejectsDuplicateFieldWithLocationAndPreservesDraft,PASS,0.45
com.hospital.mes.ebr.integration.EbrIT,independentApprovalHashAndUnsafeExpressionsFailClosed,PASS,0.94
com.hospital.mes.ebr.integration.EbrIT,familyLockRejectsStaleWriterAfterRealConcurrentTransaction,PASS,0.066
com.hospital.mes.ebr.integration.EbrIT,disabledRoleAndForeignProcessOperationFailLintAndPreserveDraft,PASS,0.43
com.hospital.mes.ebr.integration.EbrIT,replayStaleVersionsAndOmittedControlledRowsAreRejected,PASS,0.7
com.hospital.mes.ebr.integration.EbrIT,auditFailureRollsBackDefinitionVersionAndIdempotency,PASS,0.374
com.hospital.mes.ebr.integration.EbrIT,normalizedLifecyclePublishedSnapshotAndVersionCopyStayImmutable,PASS,0.68
com.hospital.mes.ebr.integration.EbrIT,simulationProducesBlockEvidenceWithoutRuntimeRows,PASS,0.427
com.hospital.mes.ebr.integration.EbrRuntimeArchiveIT,publishingNextTemplateCannotChangeReleasedRendererOrSnapshot,PASS,2.589
com.hospital.mes.ebr.integration.EbrRuntimeArchiveIT,httpRendererAndDraftCommandsEnforcePermissionClosedDtoAndStaleRevision,PASS,1.678
com.hospital.mes.ebr.integration.EbrRuntimeArchiveIT,repeatedRequiredRowsAndInstrumentInputsStayControlled,PASS,2.761
com.hospital.mes.ebr.integration.EbrRuntimeArchiveIT,staleClientReplayPermissionAndTenantCannotAppendAnotherValue,PASS,1.232
com.hospital.mes.ebr.integration.EbrRuntimeArchiveIT,actualCompletionRequiresSignatureAndReviewAndCannotReopenForCorrection,PASS,2.646
com.hospital.mes.ebr.integration.EbrRuntimeArchiveIT,signedRejectionRequiresNewContentRevisionAndReviewRoleCannotBeSpoofed,PASS,3.02
com.hospital.mes.ebr.integration.EbrRuntimeArchiveIT,roleEvidenceListenerFailureRollsBackSignatureAndIdempotency,PASS,1.339
com.hospital.mes.ebr.integration.EbrRuntimeArchiveIT,blockRetainsSqlEvidenceAnd422ReplayWithoutMarkingTransactionRollbackOnly,PASS,1.298
com.hospital.mes.ebr.integration.EbrRuntimeArchiveIT,draftChangesInvalidateAlreadySubmittedCrossFormDependency,PASS,2.181
com.hospital.mes.ebr.integration.EbrRuntimeArchiveIT,emptyRequiredMultiChoiceRowBlocksSubmitAndActualCompletion,PASS,2.584
com.hospital.mes.ebr.integration.EbrRuntimeArchiveIT,optionalRepeatingGroupWithoutRowsDoesNotInventRequiredOccurrence,PASS,1.399
com.hospital.mes.ebr.integration.EbrRuntimeArchiveIT,historicalAuthorCannotReviewAndImmutableEvidenceCannotBeOverwritten,PASS,1.214
com.hospital.mes.ebr.integration.EbrRuntimeArchiveIT,signedReviewsRemainVerifiableAcrossStatesAndCorrectionInvalidatesDependencyClosure,PASS,3.998
com.hospital.mes.ebr.integration.EbrRuntimeArchiveIT,originalFormSignatureAndInvalidatedReviewRemainInArchivedCorrectionHistory,PASS,4.836
com.hospital.mes.ebr.integration.EbrRuntimeIT,publishingNextTemplateCannotChangeReleasedRendererOrSnapshot,PASS,3.062
com.hospital.mes.ebr.integration.EbrRuntimeIT,httpRendererAndDraftCommandsEnforcePermissionClosedDtoAndStaleRevision,PASS,2.983
com.hospital.mes.ebr.integration.EbrRuntimeIT,repeatedRequiredRowsAndInstrumentInputsStayControlled,PASS,5.025
com.hospital.mes.ebr.integration.EbrRuntimeIT,staleClientReplayPermissionAndTenantCannotAppendAnotherValue,PASS,2.589
com.hospital.mes.ebr.integration.EbrRuntimeIT,actualCompletionRequiresSignatureAndReviewAndCannotReopenForCorrection,PASS,6.771
com.hospital.mes.ebr.integration.EbrRuntimeIT,signedRejectionRequiresNewContentRevisionAndReviewRoleCannotBeSpoofed,PASS,4.127
com.hospital.mes.ebr.integration.EbrRuntimeIT,roleEvidenceListenerFailureRollsBackSignatureAndIdempotency,PASS,3.252
com.hospital.mes.ebr.integration.EbrRuntimeIT,blockRetainsSqlEvidenceAnd422ReplayWithoutMarkingTransactionRollbackOnly,PASS,3.229
com.hospital.mes.ebr.integration.EbrRuntimeIT,draftChangesInvalidateAlreadySubmittedCrossFormDependency,PASS,4.784
com.hospital.mes.ebr.integration.EbrRuntimeIT,emptyRequiredMultiChoiceRowBlocksSubmitAndActualCompletion,PASS,5.398
com.hospital.mes.ebr.integration.EbrRuntimeIT,optionalRepeatingGroupWithoutRowsDoesNotInventRequiredOccurrence,PASS,2.642
com.hospital.mes.ebr.integration.EbrRuntimeIT,historicalAuthorCannotReviewAndImmutableEvidenceCannotBeOverwritten,PASS,2.856
com.hospital.mes.ebr.integration.EbrRuntimeIT,signedReviewsRemainVerifiableAcrossStatesAndCorrectionInvalidatesDependencyClosure,PASS,5.266
com.hospital.mes.foundation.integration.FoundationInfrastructureIT,redisWritesReadsAndCleansNamespacedValue,PASS,0.766
com.hospital.mes.foundation.integration.FoundationInfrastructureIT,mybatisPlusWritesAndReadsProbe,PASS,0.037
com.hospital.mes.foundation.integration.FoundationInfrastructureIT,flywayMigratesFoundationTable,PASS,0.017
com.hospital.mes.iam.integration.AdminAuthorizationIT,menuOnlyCanReadButCannotMutate,PASS,0.477
com.hospital.mes.iam.integration.AdminAuthorizationIT,missingAndInvalidTokensAreUnauthorized,PASS,0.044
com.hospital.mes.iam.integration.AdminAuthorizationIT,roleMenuOnlyCanReadButCannotMutate,PASS,0.059
com.hospital.mes.iam.integration.AdminAuthorizationIT,unknownAdminPathIsForbidden,PASS,0.058
com.hospital.mes.iam.integration.AdminAuthorizationIT,actionWithoutMenuIsForbidden,PASS,0.056
com.hospital.mes.iam.integration.AdminAuthorizationIT,mustChangePasswordCannotUseAdminRoutes,PASS,0.038
com.hospital.mes.iam.integration.AdminSessionSnapshotIT,routineRoleGrantChangesPermissionsOnlyAfterNextLogin,PASS,1.19
com.hospital.mes.iam.integration.AssignmentAdministrationIT,concurrentRevokesLeaveOneEffectiveAdministrator,PASS,0.085
com.hospital.mes.iam.integration.AssignmentAdministrationIT,userRolePairIsCurrentStateAndEventsAreMinimal,PASS,0.205
com.hospital.mes.iam.integration.AssignmentAdministrationIT,rolePermissionPairRequiresRegisteredCode,PASS,0.171
com.hospital.mes.iam.integration.AssignmentAdministrationIT,failedAssignmentEventRollsBackPair,PASS,0.072
com.hospital.mes.iam.integration.AssignmentAdministrationIT,cannotRevokeOnlyEffectiveAdministratorAssignment,PASS,0.068
com.hospital.mes.iam.integration.AssignmentAdministrationIT,ordinaryRoleCarryingIamPermissionCannotBeRemovedFromLastAdministrator,FAILURE,0.22
com.hospital.mes.iam.integration.AssignmentAdministrationIT,missingTargetsReturnNotFound,PASS,0.09
com.hospital.mes.iam.integration.AuthDatabaseOutageIT,databaseFailureDuringLoginReturnsAvailabilityErrorWithoutCredentials,PASS,0.084
com.hospital.mes.iam.integration.AuthFilterIT,unknownAdminRouteIsDeniedEvenForAuthenticatedUser,PASS,0.08
com.hospital.mes.iam.integration.AuthFilterIT,revokedOrMismatchedRedisSessionRejectsOtherwiseValidJwt,PASS,0.071
com.hospital.mes.iam.integration.AuthFilterIT,missingAndAlteredBearerTokensAreUnauthorizedWithTrace,PASS,0.026
com.hospital.mes.iam.integration.AuthFlowIT,refreshRejectsCrossOriginRequestWithoutConsumingCredential,PASS,0.786
com.hospital.mes.iam.integration.AuthFlowIT,refreshIgnoresExpiredBearerAndUsesOnlyCookieCredential,PASS,0.693
com.hospital.mes.iam.integration.AuthFlowIT,expiredRedisDeadlinesInvalidateOtherwiseValidBearer,PASS,1.059
com.hospital.mes.iam.integration.AuthFlowIT,passwordChangeRevokesOldSessionAndNewLoginNoLongerNeedsChange,PASS,2.204
com.hospital.mes.iam.integration.AuthFlowIT,bootstrapRemainsOneTimeAfterOriginalAdminAssignmentIsRevoked,PASS,0.716
com.hospital.mes.iam.integration.AuthFlowIT,disableAndRoleChangesApplyOnlyOnNextLogin,PASS,1.532
com.hospital.mes.iam.integration.AuthFlowIT,bootstrapIsOneTimeAndInitialLoginRequiresPasswordChange,PASS,0.916
com.hospital.mes.iam.integration.AuthFlowIT,malformedAuthenticationBodiesAreClientErrors,PASS,0.772
com.hospital.mes.iam.integration.AuthFlowIT,renewalRotatesCookieAndLogoutRevokesAccess,PASS,0.642
com.hospital.mes.iam.integration.AuthFlowIT,failedLoginIsNonEnumeratingAndRecordsOutcomeWithoutSecret,PASS,0.968
com.hospital.mes.iam.integration.AuthLocalCookieIT,insecureCookieExceptionAppliesOnlyToLoopbackInLocalProfile,PASS,0.988
com.hospital.mes.iam.integration.AuthPasswordRaceIT,concurrentOldPasswordLoginCannotOutlivePasswordChange,PASS,1.871
com.hospital.mes.iam.integration.AuthRedisOutageIT,unavailableRedisCannotCreateRenewOrAuthenticateSession,PASS,0.693
com.hospital.mes.iam.integration.AuthRevocationFailureIT,failedRedisRevocationDoesNotCommitPasswordChange,PASS,1.103
com.hospital.mes.iam.integration.IamSchemaIT,systemAdministratorReceivesFrozenIamPermissions,PASS,0.006
com.hospital.mes.iam.integration.IamSchemaIT,migrationNeverSeedsAnAccount,PASS,0.055
com.hospital.mes.iam.integration.IamSchemaIT,systemAdministratorReceivesBothIamMenus,PASS,0.016
com.hospital.mes.iam.integration.IamSchemaIT,migrationCreatesFrozenIamTables,PASS,0.011
com.hospital.mes.iam.integration.IamSchemaIT,currentAssignmentsAreUniqueAndHaveNoRevokeColumns,PASS,0.022
com.hospital.mes.iam.integration.IamSchemaIT,identityTablesHaveUniqueCodesAndOptimisticVersions,PASS,0.028
com.hospital.mes.iam.integration.IamSchemaIT,systemAdministratorReceivesFrozenIamNavigation,PASS,0.018
com.hospital.mes.iam.integration.IdentityDirectoryIT,lookupUsesNormalizedLoginAndDatabaseRejectsDuplicate,PASS,0.04
com.hospital.mes.iam.integration.IdentityDirectoryIT,fifthFailureLocksForFifteenMinutesAndSuccessClearsCounter,PASS,0.041
com.hospital.mes.iam.integration.IdentityDirectoryIT,securityEventDoesNotPersistCredentialMaterial,PASS,0.024
com.hospital.mes.iam.integration.IdentityDirectoryIT,expiredLockStartsAnewFailureSequence,PASS,0.034
com.hospital.mes.iam.integration.IdentityDirectoryIT,snapshotUnionsOnlyCurrentEnabledAssignments,PASS,0.032
com.hospital.mes.iam.integration.Mes002ContractIT,tcIam001ActiveUserCanLogin,PASS,0.665
com.hospital.mes.iam.integration.Mes002ContractIT,frozenRolePermissionMenuAndAssignmentApisHonorVersionsAndAudit,PASS,0.732
com.hospital.mes.iam.integration.Mes002ContractIT,runtimeOpenApiExposesFrozenOperationIdsAndHeaders,PASS,3.817
com.hospital.mes.iam.integration.Mes002ContractIT,tcIam002DisabledUserCannotLogin,PASS,0.622
com.hospital.mes.iam.integration.Mes002ContractIT,frozenUserApiIsIdempotentAuditedAndOptimisticallyLocked,PASS,0.535
com.hospital.mes.iam.integration.Mes002ContractIT,tcIam004PermissionAndNavigationAreConsistent,PASS,0.081
com.hospital.mes.iam.integration.Mes002ContractIT,tcIam003UnauthorizedAccessIsDenied,PASS,0.095
com.hospital.mes.iam.integration.RedisSessionIT,persistsSnapshotButOnlyCredentialDigestAndRotatesOnce,PASS,0.148
com.hospital.mes.iam.integration.RedisSessionIT,concurrentRenewalAllowsOnlyOneWinner,PASS,0.034
com.hospital.mes.iam.integration.RedisSessionIT,revokeAllInvalidatesEverySessionForUser,PASS,0.041
com.hospital.mes.iam.integration.RedisSessionIT,idleAndAbsoluteDeadlinesAreEnforcedWithoutDatabaseReload,PASS,0.215
com.hospital.mes.iam.integration.RoleAdministrationIT,duplicateMissingAndInvalidRolesHaveStableErrors,PASS,0.158
com.hospital.mes.iam.integration.RoleAdministrationIT,catalogIsRegisteredReadOnlyAndListIsBounded,PASS,0.189
com.hospital.mes.iam.integration.RoleAdministrationIT,createsReadsRenamesAndTogglesRoleWithVersionChecks,PASS,0.263
com.hospital.mes.iam.integration.RoleAdministrationIT,cannotDisableLastSystemAdministratorRole,PASS,0.077
com.hospital.mes.iam.integration.UserAdministrationIT,listUsesBoundedStablePagination,PASS,0.143
com.hospital.mes.iam.integration.UserAdministrationIT,resetPasswordRevokesSessionsAndRequiresChange,PASS,0.894
com.hospital.mes.iam.integration.UserAdministrationIT,failedEventWriteRollsBackCreatedUser,PASS,0.328
com.hospital.mes.iam.integration.UserAdministrationIT,redisOutagePreventsPasswordResetCommit,PASS,0.306
com.hospital.mes.iam.integration.UserAdministrationIT,profileAndStateChangesUseExpectedVersion,PASS,0.222
com.hospital.mes.iam.integration.UserAdministrationIT,cannotDisableLastEffectiveSystemAdministrator,PASS,0.06
com.hospital.mes.iam.integration.UserAdministrationIT,createReturnsOneTimeSecretWithoutPersistingOrAuditingIt,PASS,0.316
com.hospital.mes.iam.integration.UserAdministrationIT,duplicateNormalizedLoginConflicts,PASS,0.748
com.hospital.mes.iam.integration.UserAdministrationIT,missingAndInvalidUsersHaveStableErrors,PASS,0.186
com.hospital.mes.incoming.IncomingAllowedActionsIT,serverActionsFollowRequestStateAndSampleType,PASS,1.338
com.hospital.mes.incoming.IncomingClosureIT,exhaustedRetestQuotaAndValidOriginalFailRemainBlockingAfterSignedClosure,PASS,1.812
com.hospital.mes.incoming.IncomingClosureIT,samplingAllocationAndUnapprovedRetestOrOtherPurposeCannotCreateSamples,PASS,0.514
com.hospital.mes.incoming.IncomingClosureIT,retentionSampleStorageLabelAndSignedDisposalPreserveSourceLineage,PASS,0.406
com.hospital.mes.incoming.IncomingClosureIT,requestRejectsDraftRetiredAndForeignMaterialWithoutWritingFacts,PASS,0.383
com.hospital.mes.incoming.IncomingClosureIT,numericAndTextRequiredItemsRequireExactReviewAndAggregateOriginalSnapshots,PASS,1.402
com.hospital.mes.incoming.IncomingClosureIT,releaseRequiresIndependentActorPermissionAndReauthenticationFailureRollsBack,PASS,1.71
com.hospital.mes.incoming.IncomingClosureIT,missingRequiredResultCannotSubmitReviewAndPreservesTaskVersion,PASS,0.487
com.hospital.mes.incoming.IncomingClosureIT,unreviewedResultsCannotGenerateReportAndCallerCannotSupplyIndependentResults,PASS,0.981
com.hospital.mes.incoming.IncomingClosureIT,convertedQuantityAndPackageBoundsPreserveFrozenRequestWhenNextStandardIsApproved,PASS,0.308
com.hospital.mes.incoming.IncomingFinalContractIT,qcHandoffAuditRecordsActorTimeReasonAndBothSnapshotDigests,PASS,0.243
com.hospital.mes.incoming.IncomingQualityAcceptanceIT,otherPurposeRequiresSignedPlanAndEveryContainerBeforeCompletion,PASS,1.28
com.hospital.mes.incoming.IncomingQualityAcceptanceIT,signedRevisionReportSupersessionAndRejectPreserveEveryPredecessor,PASS,2.664
com.hospital.mes.incoming.IncomingQualityAcceptanceIT,actualHttpRejectsMissingPermissionClosedDtoAndWrongOrganization,PASS,0.432
com.hospital.mes.incoming.IncomingQualityIT,quarantineAndOpenOosBlockReleaseAndFailCannotBeOverwritten,PASS,1.18
com.hospital.mes.incoming.IncomingQualityIT,missingRequiredResultAndCrossOrganizationCannotProduceReport,PASS,0.956
com.hospital.mes.incoming.IncomingQualityIT,lotOwnerAuditFailureRollsBackCoupledRequestAndLot,PASS,0.354
com.hospital.mes.incoming.IncomingQualityIT,completeChainOnlyIndependentQaMakesLotEligibleAndHistoryVerifies,PASS,2.218
com.hospital.mes.incoming.IncomingQualityIT,approvedRetestCreatesIndependentExecutionAndNeverChangesOriginalFail,PASS,2.63
com.hospital.mes.incoming.IncomingQualityIT,resultAuditFailureRollsBackSignatureResultOosAndTaskVersion,PASS,1.209
com.hospital.mes.master.integration.MasterResourcesIT,tcQual001MissingExpiredInclusiveAndWrongOrganization,PASS,0.099
com.hospital.mes.master.integration.MasterResourcesIT,replayDoesNotDuplicateAuditAndChangedPayloadConflicts,PASS,0.054
com.hospital.mes.master.integration.MasterResourcesIT,crossOrganizationReadsWritesAndReferencesAreHidden,PASS,0.101
com.hospital.mes.master.integration.MasterResourcesIT,invalidForeignKeysAndDuplicateCodesNeverBecomeValidBusinessRecords,PASS,0.047
com.hospital.mes.master.integration.MasterResourcesIT,unauthorizedCallerCannotReadOrReplay,PASS,0.072
com.hospital.mes.master.integration.MasterResourcesIT,tcMd002HierarchyDisableAndHistoricalReferences,PASS,0.138
com.hospital.mes.master.integration.MasterResourcesIT,tcEqp001ExpiredGateThenControlledRecalibration,PASS,0.105
com.hospital.mes.master.integration.MasterResourcesIT,staleVersionIsRejectedAndMatchingReplayStillWorks,PASS,0.089
com.hospital.mes.master.integration.MasterResourcesIT,tcMd001ConversionRoundTripEvidenceAndDimensionFailure,PASS,0.159
com.hospital.mes.master.integration.MasterResourcesIT,apiRejectsUnknownStatusActorAndMissingWriteHeaders,PASS,0.121
com.hospital.mes.master.integration.MasterResourcesIT,auditFailureRollsBackBusinessAndIdempotencyInRealTransaction,PASS,0.044
com.hospital.mes.master.integration.MasterResourcesIT,realConcurrentTransactionsUseCurrentDimensionPairAndVersion,PASS,0.29
com.hospital.mes.master.integration.MaterialSupplierIT,relationReplayStaleAndPermissionBeforeReplay,PASS,0.147
com.hospital.mes.master.integration.MaterialSupplierIT,auditFailureRollsBackBasic,PASS,0.058
com.hospital.mes.master.integration.MaterialSupplierIT,legacyEvidenceKeptAndRetiredApiUnavailable,PASS,0.238
com.hospital.mes.master.integration.MaterialSupplierIT,sameOrgAndMaterialSpecificConversion,PASS,0.097
com.hospital.mes.master.integration.MaterialSupplierIT,tcSup002ExpiryNoAutomaticPreferredFallback,PASS,0.1
com.hospital.mes.master.integration.MaterialSupplierIT,tcMat004And005DetachedSnapshotAndEditablePolicy,PASS,0.082
com.hospital.mes.master.integration.MaterialSupplierIT,preferredAuditFailureRollsBackRelationshipAndRootToken,PASS,0.064
com.hospital.mes.master.integration.MaterialSupplierIT,tcMat003DirectEditReplayAndStaleToken,PASS,0.033
com.hospital.mes.master.integration.MaterialSupplierIT,preferredZeroMultipleAndPhysicalUniqueness,PASS,0.192
com.hospital.mes.master.integration.MaterialSupplierIT,tcMat001BasicCreate201WithoutBusinessVersion,PASS,0.081
com.hospital.mes.master.integration.MaterialSupplierIT,retiredNamesAreRejectedHiddenUnsearchableAndPreserved,PASS,0.111
com.hospital.mes.master.integration.MaterialSupplierIT,flatDtoRejectsVersionAndDisabledGate,PASS,0.056
com.hospital.mes.master.integration.MaterialSupplierIT,tcMat002DuplicateCodeRejected,PASS,0.048
com.hospital.mes.master.integration.MaterialSupplierIT,tcSup001MultipleSwitchPreferredAndRetainRevocation,PASS,0.09
com.hospital.mes.platform.integration.Mes001AuthorizationIT,auditAndIntegrationQueriesUseTheirDistinctPermissions,PASS,0.214
com.hospital.mes.platform.integration.Mes001AuthorizationIT,manualRetryRequiresBothFrozenAuthorities,PASS,0.083
com.hospital.mes.platform.integration.Mes001IntegrationMessageIT,duplicateInboxDeliveryReturnsTheExistingRecord,PASS,0.047
com.hospital.mes.platform.integration.Mes001IntegrationMessageIT,conditionalClaimHasOneWinnerAndRecordsTheTechnicalActor,PASS,0.035
com.hospital.mes.platform.integration.Mes001OpenApiIT,generatedContractContainsTheFrozenMes001Operations,PASS,2.853
com.hospital.mes.platform.migration.Mes001SchemaIT,installsAuditMutationGuardsAndFrozenPermissions,PASS,0.034
com.hospital.mes.platform.migration.Mes001SchemaIT,createsExactlyTheFiveMes001PlatformTables,PASS,0.014
com.hospital.mes.process.integration.ProcessIT,physicalMigrationChainAndApprovedSchema,PASS,0.074
com.hospital.mes.process.integration.ProcessIT,tcProc002CycleBlockedWithConcretePathAndNoTransition,PASS,0.315
com.hospital.mes.process.integration.ProcessIT,simultaneousWriterRejectsStaleVersionAfterWaitingForPackageLock,PASS,0.108
com.hospital.mes.process.integration.ProcessIT,staleWritesReplayRetainedRowsAndOneDraftConstraint,PASS,0.211
com.hospital.mes.process.integration.ProcessIT,explicitResignRequiresImmediatePredecessorAndRollsBackRejectedAttempt,PASS,0.639
com.hospital.mes.process.integration.ProcessIT,approvalAuditFailureRollsBackSignatureStateAndIdempotency,PASS,0.265
com.hospital.mes.process.integration.ProcessIT,permissionsOrganizationClosedDtoAndApi200,PASS,0.185
com.hospital.mes.process.integration.ProcessIT,creatorCannotApproveAndReauthFailurePreservesSubmitted,PASS,0.504
com.hospital.mes.process.integration.ProcessIT,tcProc003MaterialUomIntegrationAndUnavailableMaterial,PASS,0.817
com.hospital.mes.process.integration.ProcessIT,tcProc001And004SignedLifecycleImmutableContentAndCopy,PASS,1.175
com.hospital.mes.production.DevelopmentHistoryReadIT,reportsSuccessfulPhysicalVersionWithoutChangingHistory,PASS,0.012
com.hospital.mes.production.EbrArchiveIT,actualFormCompletionDrivesProductionCompleteButCannotFabricateQa,PASS,7.372
com.hospital.mes.production.EbrArchiveIT,sameMaterialDifferentFormulaLineCannotBorrowReservationEntitlement,PASS,3.762
com.hospital.mes.production.EbrArchiveIT,productionOrderFilterIsAnExistingPositiveIdQueryContract,PASS,1.969
com.hospital.mes.production.EbrArchiveIT,fefoSelectsEarlierReleasedLotAndIssueIsNotConsumption,PASS,4.942
com.hospital.mes.production.EbrArchiveIT,trustedDeviceReplayEquipmentSegmentsAndPredecessorStayConsistent,PASS,4.733
com.hospital.mes.production.EbrArchiveIT,releaseAuditFailureRollsBackSnapshotsAndRuntimeThenDirectReleaseReplays,PASS,0.87
com.hospital.mes.production.EbrArchiveIT,genealogyOrAuditFailureRollsBackWholeChargeThenReplayConsumesOnlyOnce,PASS,2.969
com.hospital.mes.production.EbrArchiveIT,subBatchReleaseCreatesOnlySameParentExecutionsAndOrderCannotOverAllocate,PASS,0.5
com.hospital.mes.production.EbrArchiveIT,weighingRejectsWrongFormulaToleranceExpiredScaleAndRevokedRelease,PASS,1.942
com.hospital.mes.production.EbrArchiveIT,requiredClearanceWithoutProducerBlocksStartAndClientCannotSupplyPassed,PASS,1.536
com.hospital.mes.production.EbrArchiveIT,productionHttpUsesClosedContractsPermissionAndImmutableSnapshot,PASS,0.862
com.hospital.mes.production.EbrArchiveIT,realIncomingReleaseThroughSignedWeighChargeReturnAndReversePreservesTrace,PASS,3.204
com.hospital.mes.production.EbrArchiveIT,signedIndependentApprovalFreezesActualPlanInDispatchSnapshot,PASS,0.745
com.hospital.mes.production.EbrArchiveIT,draftPlanDoesNotPermitDispatchOrClientPassEvidence,PASS,0.819
com.hospital.mes.production.EbrArchiveIT,outputCreatesOneQuarantinedLotAndReversalPreservesSignedOriginalAndStock,PASS,2.093
com.hospital.mes.production.EbrArchiveIT,auditFailureRollsBackOutputAndRootThenReplayCreatesOneFact,PASS,2.012
com.hospital.mes.production.EbrArchiveIT,clientCannotSupplyChargeAndStaleBatchVersionCreatesNoQuantityFact,PASS,2.158
com.hospital.mes.production.EbrArchiveIT,independentExceptionIsBoundToExactResultAndCannotSurviveNewInputs,PASS,2.485
com.hospital.mes.production.EbrArchiveIT,unreferencedQuantityNeedsNoConversionButInvalidatesDigestAndLogisticsAreCountedOnce,PASS,2.706
com.hospital.mes.production.EbrArchiveIT,productionCompletionUsesActualBalanceGateAndPreservesParentOnFailure,PASS,5.074
com.hospital.mes.production.EbrArchiveIT,competingCheckpointCannotBypassRootLockAndLeavesNoPersistentFacts,PASS,2.874
com.hospital.mes.production.EbrArchiveIT,missingCoverageStalenessAndImmutableSuccessorCalculationsAreEnforced,PASS,2.183
com.hospital.mes.production.EbrArchiveIT,changedDisplayedEvidencePermissionAndIndependentQaBlockWithoutDecision,PASS,4.628
com.hospital.mes.production.EbrArchiveIT,auditFailureRollsBackDecisionSignatureAvailabilityAndOutbox,PASS,4.636
com.hospital.mes.production.EbrArchiveIT,actualLateOriginalFailOpensOosAndBlocksFinalQaWithoutOverwritingOriginal,PASS,7.53
com.hospital.mes.production.EbrArchiveIT,pairedInventoryMovementIsNotConsumptionButPhysicalRemovalBlocksRetroactiveRejection,PASS,6.492
com.hospital.mes.production.EbrArchiveIT,actualCompetingQaCommandCannotBypassRootLockOrCreateDecision,PASS,5.131
com.hospital.mes.production.EbrArchiveIT,outboxFailureRollsBackAllFinishedDecisionEffects,PASS,4.196
com.hospital.mes.production.EbrArchiveIT,actualGateChangeInvalidatesDisplayedReviewAndRejectNeedsNoFabricatedPassingGate,PASS,6.25
com.hospital.mes.production.EbrArchiveIT,exactHttpContractPermissionAndGenericSignCannotBypassQaBusinessCommand,PASS,5.237
com.hospital.mes.production.EbrArchiveIT,realBatchLifecycleReleaseIsAtomicSignedIdempotentAndMakesFinishedInventoryAvailable,PASS,2.814
com.hospital.mes.production.EbrArchiveIT,explicitIndependentSupersessionPreservesEveryOriginalDecisionAndSignature,PASS,4.248
com.hospital.mes.production.EbrArchiveIT,delegatedHttpReadAllowsOnlyOwnedArchiveAndClosedCommands,PASS,3.52
com.hospital.mes.production.EbrArchiveIT,archiveAuditFailureRollsBackFileManifestAndKeyThenReplayWorks,PASS,3.467
com.hospital.mes.production.EbrArchiveIT,reviewCopyReuseAndFinalChangedSourcePreserveImmutableHashHistory,PASS,4.617
com.hospital.mes.production.EbrArchiveIT,preQaFinalAndInvalidatedFinalSignatureAreBlockedWithoutFiles,PASS,3.243
com.hospital.mes.production.FinishedArchiveSchemaIT,manifestHasScopedImmutableFileAndDecisionReferences,PASS,0.017
com.hospital.mes.production.FinishedArchiveSchemaIT,finishedScopeIsCompatibleWithTheApprovedTargetConstraint,PASS,0.005
com.hospital.mes.production.FinishedReleaseIT,actualFormCompletionDrivesProductionCompleteButCannotFabricateQa,PASS,1.779
com.hospital.mes.production.FinishedReleaseIT,sameMaterialDifferentFormulaLineCannotBorrowReservationEntitlement,PASS,1.277
com.hospital.mes.production.FinishedReleaseIT,productionOrderFilterIsAnExistingPositiveIdQueryContract,PASS,1.06
com.hospital.mes.production.FinishedReleaseIT,fefoSelectsEarlierReleasedLotAndIssueIsNotConsumption,PASS,2.698
com.hospital.mes.production.FinishedReleaseIT,trustedDeviceReplayEquipmentSegmentsAndPredecessorStayConsistent,PASS,2.506
com.hospital.mes.production.FinishedReleaseIT,releaseAuditFailureRollsBackSnapshotsAndRuntimeThenDirectReleaseReplays,PASS,0.641
com.hospital.mes.production.FinishedReleaseIT,genealogyOrAuditFailureRollsBackWholeChargeThenReplayConsumesOnlyOnce,PASS,1.499
com.hospital.mes.production.FinishedReleaseIT,subBatchReleaseCreatesOnlySameParentExecutionsAndOrderCannotOverAllocate,PASS,0.474
com.hospital.mes.production.FinishedReleaseIT,weighingRejectsWrongFormulaToleranceExpiredScaleAndRevokedRelease,PASS,1.377
com.hospital.mes.production.FinishedReleaseIT,requiredClearanceWithoutProducerBlocksStartAndClientCannotSupplyPassed,PASS,1.029
com.hospital.mes.production.FinishedReleaseIT,productionHttpUsesClosedContractsPermissionAndImmutableSnapshot,PASS,0.588
com.hospital.mes.production.FinishedReleaseIT,realIncomingReleaseThroughSignedWeighChargeReturnAndReversePreservesTrace,PASS,2.549
com.hospital.mes.production.FinishedReleaseIT,signedIndependentApprovalFreezesActualPlanInDispatchSnapshot,PASS,0.524
com.hospital.mes.production.FinishedReleaseIT,draftPlanDoesNotPermitDispatchOrClientPassEvidence,PASS,0.41
com.hospital.mes.production.FinishedReleaseIT,outputCreatesOneQuarantinedLotAndReversalPreservesSignedOriginalAndStock,PASS,1.073
com.hospital.mes.production.FinishedReleaseIT,auditFailureRollsBackOutputAndRootThenReplayCreatesOneFact,PASS,1.331
com.hospital.mes.production.FinishedReleaseIT,clientCannotSupplyChargeAndStaleBatchVersionCreatesNoQuantityFact,PASS,1.026
com.hospital.mes.production.FinishedReleaseIT,independentExceptionIsBoundToExactResultAndCannotSurviveNewInputs,PASS,1.484
com.hospital.mes.production.FinishedReleaseIT,unreferencedQuantityNeedsNoConversionButInvalidatesDigestAndLogisticsAreCountedOnce,PASS,1.404
com.hospital.mes.production.FinishedReleaseIT,productionCompletionUsesActualBalanceGateAndPreservesParentOnFailure,PASS,2.282
com.hospital.mes.production.FinishedReleaseIT,competingCheckpointCannotBypassRootLockAndLeavesNoPersistentFacts,PASS,2.079
com.hospital.mes.production.FinishedReleaseIT,missingCoverageStalenessAndImmutableSuccessorCalculationsAreEnforced,PASS,1.367
com.hospital.mes.production.FinishedReleaseIT,changedDisplayedEvidencePermissionAndIndependentQaBlockWithoutDecision,PASS,3.124
com.hospital.mes.production.FinishedReleaseIT,auditFailureRollsBackDecisionSignatureAvailabilityAndOutbox,PASS,2.743
com.hospital.mes.production.FinishedReleaseIT,actualLateOriginalFailOpensOosAndBlocksFinalQaWithoutOverwritingOriginal,PASS,3.409
com.hospital.mes.production.FinishedReleaseIT,pairedInventoryMovementIsNotConsumptionButPhysicalRemovalBlocksRetroactiveRejection,PASS,2.237
com.hospital.mes.production.FinishedReleaseIT,actualCompetingQaCommandCannotBypassRootLockOrCreateDecision,PASS,2.494
com.hospital.mes.production.FinishedReleaseIT,outboxFailureRollsBackAllFinishedDecisionEffects,PASS,1.647
com.hospital.mes.production.FinishedReleaseIT,actualGateChangeInvalidatesDisplayedReviewAndRejectNeedsNoFabricatedPassingGate,PASS,2.049
com.hospital.mes.production.FinishedReleaseIT,exactHttpContractPermissionAndGenericSignCannotBypassQaBusinessCommand,PASS,1.659
com.hospital.mes.production.FinishedReleaseIT,realBatchLifecycleReleaseIsAtomicSignedIdempotentAndMakesFinishedInventoryAvailable,PASS,1.518
com.hospital.mes.production.FinishedReleaseIT,explicitIndependentSupersessionPreservesEveryOriginalDecisionAndSignature,PASS,2.258
com.hospital.mes.production.FunctionalClosureConcurrencyIT,actualFormCompletionDrivesProductionCompleteButCannotFabricateQa,PASS,1.121
com.hospital.mes.production.FunctionalClosureConcurrencyIT,sameMaterialDifferentFormulaLineCannotBorrowReservationEntitlement,PASS,0.643
com.hospital.mes.production.FunctionalClosureConcurrencyIT,productionOrderFilterIsAnExistingPositiveIdQueryContract,PASS,0.262
com.hospital.mes.production.FunctionalClosureConcurrencyIT,fefoSelectsEarlierReleasedLotAndIssueIsNotConsumption,PASS,0.852
com.hospital.mes.production.FunctionalClosureConcurrencyIT,trustedDeviceReplayEquipmentSegmentsAndPredecessorStayConsistent,PASS,1.065
com.hospital.mes.production.FunctionalClosureConcurrencyIT,releaseAuditFailureRollsBackSnapshotsAndRuntimeThenDirectReleaseReplays,PASS,0.388
com.hospital.mes.production.FunctionalClosureConcurrencyIT,genealogyOrAuditFailureRollsBackWholeChargeThenReplayConsumesOnlyOnce,PASS,0.879
com.hospital.mes.production.FunctionalClosureConcurrencyIT,subBatchReleaseCreatesOnlySameParentExecutionsAndOrderCannotOverAllocate,PASS,0.336
com.hospital.mes.production.FunctionalClosureConcurrencyIT,weighingRejectsWrongFormulaToleranceExpiredScaleAndRevokedRelease,PASS,0.735
com.hospital.mes.production.FunctionalClosureConcurrencyIT,requiredClearanceWithoutProducerBlocksStartAndClientCannotSupplyPassed,PASS,0.588
com.hospital.mes.production.FunctionalClosureConcurrencyIT,productionHttpUsesClosedContractsPermissionAndImmutableSnapshot,PASS,0.292
com.hospital.mes.production.FunctionalClosureConcurrencyIT,realIncomingReleaseThroughSignedWeighChargeReturnAndReversePreservesTrace,PASS,1.473
com.hospital.mes.production.FunctionalClosureConcurrencyIT,concurrentChargesCannotConsumeSameVerifiedWeighingTwice,PASS,0.949
com.hospital.mes.production.FunctionalClosureConcurrencyIT,releasedLotAtDateBoundaryCannotConfirmIssue(String)[1],PASS,0.78
com.hospital.mes.production.FunctionalClosureConcurrencyIT,releasedLotAtDateBoundaryCannotConfirmIssue(String)[2],PASS,0.737
com.hospital.mes.production.FunctionalClosureConcurrencyIT,concurrentOrderPlanReductionPreventsStaleBatchAllocation,PASS,0.53
com.hospital.mes.production.FunctionalClosureConcurrencyIT,concurrentSignedReleaseSuccessorsHaveOnlyOneWinnerAndRetainOriginalSignature,PASS,1.397
com.hospital.mes.production.FunctionalClosureConcurrencyIT,"releasedLotAtDateBoundaryCannotCreateProductionFacts(String, String)[1]",PASS,1.022
com.hospital.mes.production.FunctionalClosureConcurrencyIT,"releasedLotAtDateBoundaryCannotCreateProductionFacts(String, String)[2]",PASS,0.691
com.hospital.mes.production.FunctionalClosureConcurrencyIT,"releasedLotAtDateBoundaryCannotCreateProductionFacts(String, String)[3]",PASS,1.117
com.hospital.mes.production.FunctionalClosureConcurrencyIT,"releasedLotAtDateBoundaryCannotCreateProductionFacts(String, String)[4]",PASS,0.683
com.hospital.mes.production.FunctionalClosureConcurrencyIT,"releasedLotAtDateBoundaryCannotCreateProductionFacts(String, String)[5]",PASS,0.822
com.hospital.mes.production.FunctionalClosureConcurrencyIT,"releasedLotAtDateBoundaryCannotCreateProductionFacts(String, String)[6]",PASS,0.749
com.hospital.mes.production.FunctionalClosureConcurrencyIT,firstConcurrentAllocationPreventsChangingOrderProduct,PASS,0.275
com.hospital.mes.production.FunctionalClosureConcurrencyIT,concurrentOrderAllocationHasOneWinnerAndNoRejectedCommandFacts,PASS,0.279
com.hospital.mes.production.FunctionalClosureConcurrencyIT,reconcileOnlyArchivedRedTrialDraftOrdersThroughAuditedCommand,SKIPPED,0.0
com.hospital.mes.production.FunctionalClosureConcurrencyIT,equipmentIdentityIsExclusiveAcrossDifferentOrdersAndResume,PASS,2.568
com.hospital.mes.production.FunctionalClosureConcurrencyIT,"finalGateSerializesWithActualSignedQualitySupersession(String, boolean)[1]",PASS,1.771
com.hospital.mes.production.FunctionalClosureConcurrencyIT,"finalGateSerializesWithActualSignedQualitySupersession(String, boolean)[2]",PASS,1.285
com.hospital.mes.production.FunctionalClosureConcurrencyIT,"finalGateSerializesWithActualSignedQualitySupersession(String, boolean)[3]",PASS,1.219
com.hospital.mes.production.FunctionalClosureConcurrencyIT,"finalGateSerializesWithActualSignedQualitySupersession(String, boolean)[4]",PASS,1.557
com.hospital.mes.production.FunctionalClosureConcurrencyIT,"finalGateSerializesWithActualSignedQualitySupersession(String, boolean)[5]",PASS,1.632
com.hospital.mes.production.FunctionalClosureConcurrencyIT,"finalGateSerializesWithActualSignedQualitySupersession(String, boolean)[6]",PASS,1.719
com.hospital.mes.production.FunctionalClosureConcurrencyIT,"finalGateSerializesWithActualSignedQualitySupersession(String, boolean)[7]",PASS,1.756
com.hospital.mes.production.FunctionalClosureConcurrencyIT,"finalGateSerializesWithActualSignedQualitySupersession(String, boolean)[8]",PASS,2.031
com.hospital.mes.production.FunctionalClosureConcurrencyIT,committedIpcFailBlocksWaitingCompletionUsingCurrentResult,PASS,1.697
com.hospital.mes.production.FunctionalClosureConcurrencyIT,"signedFreezeSerializesWithEveryActualFinalProductionGate(String, boolean)[1]",PASS,1.368
com.hospital.mes.production.FunctionalClosureConcurrencyIT,"signedFreezeSerializesWithEveryActualFinalProductionGate(String, boolean)[2]",PASS,1.12
com.hospital.mes.production.FunctionalClosureConcurrencyIT,"signedFreezeSerializesWithEveryActualFinalProductionGate(String, boolean)[3]",PASS,1.571
com.hospital.mes.production.FunctionalClosureConcurrencyIT,"signedFreezeSerializesWithEveryActualFinalProductionGate(String, boolean)[4]",PASS,1.48
com.hospital.mes.production.FunctionalClosureConcurrencyIT,"signedFreezeSerializesWithEveryActualFinalProductionGate(String, boolean)[5]",PASS,1.407
com.hospital.mes.production.FunctionalClosureConcurrencyIT,"signedFreezeSerializesWithEveryActualFinalProductionGate(String, boolean)[6]",PASS,1.546
com.hospital.mes.production.FunctionalClosureConcurrencyIT,"signedFreezeSerializesWithEveryActualFinalProductionGate(String, boolean)[7]",PASS,1.689
com.hospital.mes.production.FunctionalClosureConcurrencyIT,committedFreezeWinsAgainstWaitingReservationWithoutProductionFacts,PASS,1.557
com.hospital.mes.production.FunctionalClosureConcurrencyIT,committedNewClearanceFailPreventsWaitingStartFromUsingOldPass,PASS,1.465
com.hospital.mes.production.FunctionalClosureIT,actualFormCompletionDrivesProductionCompleteButCannotFabricateQa,PASS,1.779
com.hospital.mes.production.FunctionalClosureIT,sameMaterialDifferentFormulaLineCannotBorrowReservationEntitlement,PASS,0.862
com.hospital.mes.production.FunctionalClosureIT,productionOrderFilterIsAnExistingPositiveIdQueryContract,PASS,0.738
com.hospital.mes.production.FunctionalClosureIT,fefoSelectsEarlierReleasedLotAndIssueIsNotConsumption,PASS,1.129
com.hospital.mes.production.FunctionalClosureIT,trustedDeviceReplayEquipmentSegmentsAndPredecessorStayConsistent,PASS,1.064
com.hospital.mes.production.FunctionalClosureIT,releaseAuditFailureRollsBackSnapshotsAndRuntimeThenDirectReleaseReplays,PASS,0.255
com.hospital.mes.production.FunctionalClosureIT,genealogyOrAuditFailureRollsBackWholeChargeThenReplayConsumesOnlyOnce,PASS,0.808
com.hospital.mes.production.FunctionalClosureIT,subBatchReleaseCreatesOnlySameParentExecutionsAndOrderCannotOverAllocate,PASS,0.262
com.hospital.mes.production.FunctionalClosureIT,weighingRejectsWrongFormulaToleranceExpiredScaleAndRevokedRelease,PASS,0.727
com.hospital.mes.production.FunctionalClosureIT,requiredClearanceWithoutProducerBlocksStartAndClientCannotSupplyPassed,PASS,0.621
com.hospital.mes.production.FunctionalClosureIT,productionHttpUsesClosedContractsPermissionAndImmutableSnapshot,PASS,0.273
com.hospital.mes.production.FunctionalClosureIT,realIncomingReleaseThroughSignedWeighChargeReturnAndReversePreservesTrace,PASS,1.451
com.hospital.mes.production.FunctionalClosureIT,exactPredecessorSelfReviewStaleVersionAndOtherOrganizationCannotChangeFrozenEvidence,PASS,0.33
com.hospital.mes.production.FunctionalClosureIT,signedInventoryFreezeBlocksActualReservationAndUnfreezeRestoresEligibility,PASS,0.548
com.hospital.mes.production.FunctionalClosureIT,frozenActionHttpContractsAuthorizeExactPermissionsAndReturnStringIds,PASS,0.667
com.hospital.mes.production.FunctionalClosureIT,newlyBoundEquipmentAndNewFailureInvalidateEarlierClearanceBeforeStartAndResume,PASS,0.894
com.hospital.mes.production.FunctionalClosureIT,publishedSecondIpcDefinitionDoesNotChangeExistingFirstBatchSnapshot,PASS,0.427
com.hospital.mes.production.FunctionalClosureIT,clearanceRecordAndIndependentReviewAuditFailuresRollBackSignaturesVersionsAndKeys,PASS,0.332
com.hospital.mes.production.FunctionalClosureIT,requiredClearanceNeedsRealIndependentSignedEvidenceBeforeStart,PASS,0.858
com.hospital.mes.production.FunctionalClosureIT,ipcSignatureRejectionAndAuditFailureLeaveNoPartialFactThenExactReplay,PASS,0.94
com.hospital.mes.production.FunctionalClosureIT,pendingIpcBlocksCompletionThenOriginalFailRequiresSignedInvalidationAndNewResult,PASS,1.371
com.hospital.mes.production.FunctionalClosureIT,inventoryPermissionSigningAuditRollbackReplayAndExpiryGate,PASS,0.753
com.hospital.mes.production.FunctionalClosureIT,chargedMaterialReverseTraceIncludesActualSignedInventoryDecisions,PASS,0.884
com.hospital.mes.production.IncomingProductionIT,actualFormCompletionDrivesProductionCompleteButCannotFabricateQa,PASS,1.221
com.hospital.mes.production.IncomingProductionIT,sameMaterialDifferentFormulaLineCannotBorrowReservationEntitlement,PASS,0.71
com.hospital.mes.production.IncomingProductionIT,productionOrderFilterIsAnExistingPositiveIdQueryContract,PASS,0.231
com.hospital.mes.production.IncomingProductionIT,fefoSelectsEarlierReleasedLotAndIssueIsNotConsumption,PASS,1.304
com.hospital.mes.production.IncomingProductionIT,trustedDeviceReplayEquipmentSegmentsAndPredecessorStayConsistent,PASS,1.34
com.hospital.mes.production.IncomingProductionIT,releaseAuditFailureRollsBackSnapshotsAndRuntimeThenDirectReleaseReplays,PASS,0.331
com.hospital.mes.production.IncomingProductionIT,genealogyOrAuditFailureRollsBackWholeChargeThenReplayConsumesOnlyOnce,PASS,2.094
com.hospital.mes.production.IncomingProductionIT,subBatchReleaseCreatesOnlySameParentExecutionsAndOrderCannotOverAllocate,PASS,0.86
com.hospital.mes.production.IncomingProductionIT,weighingRejectsWrongFormulaToleranceExpiredScaleAndRevokedRelease,PASS,2.003
com.hospital.mes.production.IncomingProductionIT,requiredClearanceWithoutProducerBlocksStartAndClientCannotSupplyPassed,PASS,0.574
com.hospital.mes.production.IncomingProductionIT,productionHttpUsesClosedContractsPermissionAndImmutableSnapshot,PASS,0.295
com.hospital.mes.production.IncomingProductionIT,realIncomingReleaseThroughSignedWeighChargeReturnAndReversePreservesTrace,PASS,1.536
com.hospital.mes.production.MaterialBalanceIT,actualFormCompletionDrivesProductionCompleteButCannotFabricateQa,PASS,0.934
com.hospital.mes.production.MaterialBalanceIT,sameMaterialDifferentFormulaLineCannotBorrowReservationEntitlement,PASS,0.577
com.hospital.mes.production.MaterialBalanceIT,productionOrderFilterIsAnExistingPositiveIdQueryContract,PASS,0.215
com.hospital.mes.production.MaterialBalanceIT,fefoSelectsEarlierReleasedLotAndIssueIsNotConsumption,PASS,0.858
com.hospital.mes.production.MaterialBalanceIT,trustedDeviceReplayEquipmentSegmentsAndPredecessorStayConsistent,PASS,1.313
com.hospital.mes.production.MaterialBalanceIT,releaseAuditFailureRollsBackSnapshotsAndRuntimeThenDirectReleaseReplays,PASS,0.337
com.hospital.mes.production.MaterialBalanceIT,genealogyOrAuditFailureRollsBackWholeChargeThenReplayConsumesOnlyOnce,PASS,0.963
com.hospital.mes.production.MaterialBalanceIT,subBatchReleaseCreatesOnlySameParentExecutionsAndOrderCannotOverAllocate,PASS,0.348
com.hospital.mes.production.MaterialBalanceIT,weighingRejectsWrongFormulaToleranceExpiredScaleAndRevokedRelease,PASS,0.981
com.hospital.mes.production.MaterialBalanceIT,requiredClearanceWithoutProducerBlocksStartAndClientCannotSupplyPassed,PASS,0.62
com.hospital.mes.production.MaterialBalanceIT,productionHttpUsesClosedContractsPermissionAndImmutableSnapshot,PASS,0.468
com.hospital.mes.production.MaterialBalanceIT,realIncomingReleaseThroughSignedWeighChargeReturnAndReversePreservesTrace,PASS,2.121
com.hospital.mes.production.MaterialBalanceIT,signedIndependentApprovalFreezesActualPlanInDispatchSnapshot,PASS,0.621
com.hospital.mes.production.MaterialBalanceIT,draftPlanDoesNotPermitDispatchOrClientPassEvidence,PASS,0.284
com.hospital.mes.production.MaterialBalanceIT,outputCreatesOneQuarantinedLotAndReversalPreservesSignedOriginalAndStock,PASS,0.686
com.hospital.mes.production.MaterialBalanceIT,auditFailureRollsBackOutputAndRootThenReplayCreatesOneFact,PASS,0.812
com.hospital.mes.production.MaterialBalanceIT,clientCannotSupplyChargeAndStaleBatchVersionCreatesNoQuantityFact,PASS,1.026
com.hospital.mes.production.MaterialBalanceIT,independentExceptionIsBoundToExactResultAndCannotSurviveNewInputs,PASS,0.918
com.hospital.mes.production.MaterialBalanceIT,unreferencedQuantityNeedsNoConversionButInvalidatesDigestAndLogisticsAreCountedOnce,PASS,1.059
com.hospital.mes.production.MaterialBalanceIT,productionCompletionUsesActualBalanceGateAndPreservesParentOnFailure,PASS,5.372
com.hospital.mes.production.MaterialBalanceIT,competingCheckpointCannotBypassRootLockAndLeavesNoPersistentFacts,PASS,3.087
com.hospital.mes.production.MaterialBalanceIT,missingCoverageStalenessAndImmutableSuccessorCalculationsAreEnforced,PASS,3.157
com.hospital.mes.production.NativeConcurrencyIT,actualFormCompletionDrivesProductionCompleteButCannotFabricateQa,SKIPPED,0.0
com.hospital.mes.production.NativeConcurrencyIT,sameMaterialDifferentFormulaLineCannotBorrowReservationEntitlement,SKIPPED,0.0
com.hospital.mes.production.NativeConcurrencyIT,productionOrderFilterIsAnExistingPositiveIdQueryContract,SKIPPED,0.0
com.hospital.mes.production.NativeConcurrencyIT,fefoSelectsEarlierReleasedLotAndIssueIsNotConsumption,SKIPPED,0.0
com.hospital.mes.production.NativeConcurrencyIT,trustedDeviceReplayEquipmentSegmentsAndPredecessorStayConsistent,SKIPPED,0.0
com.hospital.mes.production.NativeConcurrencyIT,releaseAuditFailureRollsBackSnapshotsAndRuntimeThenDirectReleaseReplays,SKIPPED,0.0
com.hospital.mes.production.NativeConcurrencyIT,genealogyOrAuditFailureRollsBackWholeChargeThenReplayConsumesOnlyOnce,SKIPPED,0.0
com.hospital.mes.production.NativeConcurrencyIT,subBatchReleaseCreatesOnlySameParentExecutionsAndOrderCannotOverAllocate,SKIPPED,0.0
com.hospital.mes.production.NativeConcurrencyIT,weighingRejectsWrongFormulaToleranceExpiredScaleAndRevokedRelease,SKIPPED,0.0
com.hospital.mes.production.NativeConcurrencyIT,requiredClearanceWithoutProducerBlocksStartAndClientCannotSupplyPassed,SKIPPED,0.0
com.hospital.mes.production.NativeConcurrencyIT,productionHttpUsesClosedContractsPermissionAndImmutableSnapshot,SKIPPED,0.0
com.hospital.mes.production.NativeConcurrencyIT,realIncomingReleaseThroughSignedWeighChargeReturnAndReversePreservesTrace,SKIPPED,0.0
com.hospital.mes.production.NativeConcurrencyIT,concurrentChargesCannotConsumeSameVerifiedWeighingTwice,SKIPPED,0.0
com.hospital.mes.production.NativeConcurrencyIT,releasedLotAtDateBoundaryCannotConfirmIssue(String),SKIPPED,0.0
com.hospital.mes.production.NativeConcurrencyIT,concurrentOrderPlanReductionPreventsStaleBatchAllocation,SKIPPED,0.0
com.hospital.mes.production.NativeConcurrencyIT,concurrentSignedReleaseSuccessorsHaveOnlyOneWinnerAndRetainOriginalSignature,SKIPPED,0.0
com.hospital.mes.production.NativeConcurrencyIT,"releasedLotAtDateBoundaryCannotCreateProductionFacts(String, String)",SKIPPED,0.0
com.hospital.mes.production.NativeConcurrencyIT,firstConcurrentAllocationPreventsChangingOrderProduct,SKIPPED,0.0
com.hospital.mes.production.NativeConcurrencyIT,concurrentOrderAllocationHasOneWinnerAndNoRejectedCommandFacts,SKIPPED,0.0
com.hospital.mes.production.NativeConcurrencyIT,reconcileOnlyArchivedRedTrialDraftOrdersThroughAuditedCommand,SKIPPED,0.0
com.hospital.mes.production.NativeConcurrencyIT,equipmentIdentityIsExclusiveAcrossDifferentOrdersAndResume,SKIPPED,0.0
com.hospital.mes.production.NativeConcurrencyIT,"finalGateSerializesWithActualSignedQualitySupersession(String, boolean)",SKIPPED,0.0
com.hospital.mes.production.ProductionQualityIT,actualFormCompletionDrivesProductionCompleteButCannotFabricateQa,PASS,4.906
com.hospital.mes.production.ProductionQualityIT,sameMaterialDifferentFormulaLineCannotBorrowReservationEntitlement,PASS,2.099
com.hospital.mes.production.ProductionQualityIT,productionOrderFilterIsAnExistingPositiveIdQueryContract,PASS,0.724
com.hospital.mes.production.ProductionQualityIT,fefoSelectsEarlierReleasedLotAndIssueIsNotConsumption,PASS,2.628
com.hospital.mes.production.ProductionQualityIT,trustedDeviceReplayEquipmentSegmentsAndPredecessorStayConsistent,PASS,6.409
com.hospital.mes.production.ProductionQualityIT,releaseAuditFailureRollsBackSnapshotsAndRuntimeThenDirectReleaseReplays,PASS,2.267
com.hospital.mes.production.ProductionQualityIT,genealogyOrAuditFailureRollsBackWholeChargeThenReplayConsumesOnlyOnce,PASS,2.352
com.hospital.mes.production.ProductionQualityIT,subBatchReleaseCreatesOnlySameParentExecutionsAndOrderCannotOverAllocate,PASS,0.831
com.hospital.mes.production.ProductionQualityIT,weighingRejectsWrongFormulaToleranceExpiredScaleAndRevokedRelease,PASS,2.323
com.hospital.mes.production.ProductionQualityIT,requiredClearanceWithoutProducerBlocksStartAndClientCannotSupplyPassed,PASS,2.875
com.hospital.mes.production.ProductionQualityIT,productionHttpUsesClosedContractsPermissionAndImmutableSnapshot,PASS,2.791
com.hospital.mes.production.ProductionQualityIT,realIncomingReleaseThroughSignedWeighChargeReturnAndReversePreservesTrace,PASS,9.935
com.hospital.mes.production.ProductionQualityIT,signedIndependentApprovalFreezesActualPlanInDispatchSnapshot,PASS,3.273
com.hospital.mes.production.ProductionQualityIT,draftPlanDoesNotPermitDispatchOrClientPassEvidence,PASS,0.942
com.hospital.mes.production.ProductionQualityIT,outputCreatesOneQuarantinedLotAndReversalPreservesSignedOriginalAndStock,PASS,3.692
com.hospital.mes.production.ProductionQualityIT,auditFailureRollsBackOutputAndRootThenReplayCreatesOneFact,PASS,2.412
com.hospital.mes.production.ProductionQualityIT,clientCannotSupplyChargeAndStaleBatchVersionCreatesNoQuantityFact,PASS,3.432
com.hospital.mes.production.ProductionQualityIT,fullRetestQuotaCannotCloseUntilEveryConsumedAttemptHasSignedIndependentReview,PASS,2.413
com.hospital.mes.production.ProductionQualityIT,failOpensOosRetestConsumesExactQuotaAndPreservesImmutableOriginal,PASS,2.168
com.hospital.mes.production.ProductionQualityIT,permissionReplayOrgVersionAndAuditFailureAreZeroWriteGuards,PASS,2.438
com.hospital.mes.production.ProductionQualityIT,legalSignedCorrectionsPreserveAllRevisionsAndCorrectedFailOpensActualOos,PASS,1.896
com.hospital.mes.production.ProductionQualityIT,laterFailedRetestAllocatesNextAttemptAndNarrativeDeviationCannotBorrowSource,PASS,3.273
com.hospital.mes.production.ProductionQualityIT,criticalDeviationAndCapaNeedSignedIndependentVerificationAndReopenHistory,PASS,1.98
com.hospital.mes.production.ProductionQualityIT,actualSignedPassRequiresIndependentReviewAndOriginalFailCannotBeCorrectedToPass,PASS,2.401
com.hospital.mes.production.ProductionQualityPlanIT,actualFormCompletionDrivesProductionCompleteButCannotFabricateQa,PASS,3.227
com.hospital.mes.production.ProductionQualityPlanIT,sameMaterialDifferentFormulaLineCannotBorrowReservationEntitlement,PASS,2.332
com.hospital.mes.production.ProductionQualityPlanIT,productionOrderFilterIsAnExistingPositiveIdQueryContract,PASS,0.967
com.hospital.mes.production.ProductionQualityPlanIT,fefoSelectsEarlierReleasedLotAndIssueIsNotConsumption,PASS,2.41
com.hospital.mes.production.ProductionQualityPlanIT,trustedDeviceReplayEquipmentSegmentsAndPredecessorStayConsistent,PASS,3.014
com.hospital.mes.production.ProductionQualityPlanIT,releaseAuditFailureRollsBackSnapshotsAndRuntimeThenDirectReleaseReplays,PASS,0.7
com.hospital.mes.production.ProductionQualityPlanIT,genealogyOrAuditFailureRollsBackWholeChargeThenReplayConsumesOnlyOnce,PASS,2.528
com.hospital.mes.production.ProductionQualityPlanIT,subBatchReleaseCreatesOnlySameParentExecutionsAndOrderCannotOverAllocate,PASS,0.821
com.hospital.mes.production.ProductionQualityPlanIT,weighingRejectsWrongFormulaToleranceExpiredScaleAndRevokedRelease,PASS,2.302
com.hospital.mes.production.ProductionQualityPlanIT,requiredClearanceWithoutProducerBlocksStartAndClientCannotSupplyPassed,PASS,1.783
com.hospital.mes.production.ProductionQualityPlanIT,productionHttpUsesClosedContractsPermissionAndImmutableSnapshot,PASS,0.936
com.hospital.mes.production.ProductionQualityPlanIT,realIncomingReleaseThroughSignedWeighChargeReturnAndReversePreservesTrace,PASS,3.703
com.hospital.mes.production.ProductionQualityPlanIT,signedIndependentApprovalFreezesActualPlanInDispatchSnapshot,PASS,0.758
com.hospital.mes.production.ProductionQualityPlanIT,draftPlanDoesNotPermitDispatchOrClientPassEvidence,PASS,0.758
com.hospital.mes.production.ProductionQualitySchemaIT,productionQualityKeepsImmutableFactsAndDisjointResultOwnership,PASS,0.115
com.hospital.mes.production.ProductionQualitySchemaIT,additiveScopeConstraintsDoNotInvalidateHistoricalFacts,SKIPPED,0.0
com.hospital.mes.production.ProductionQuantityIT,actualFormCompletionDrivesProductionCompleteButCannotFabricateQa,PASS,2.468
com.hospital.mes.production.ProductionQuantityIT,sameMaterialDifferentFormulaLineCannotBorrowReservationEntitlement,PASS,1.825
com.hospital.mes.production.ProductionQuantityIT,productionOrderFilterIsAnExistingPositiveIdQueryContract,PASS,0.692
com.hospital.mes.production.ProductionQuantityIT,fefoSelectsEarlierReleasedLotAndIssueIsNotConsumption,PASS,2.801
com.hospital.mes.production.ProductionQuantityIT,trustedDeviceReplayEquipmentSegmentsAndPredecessorStayConsistent,PASS,3.194
com.hospital.mes.production.ProductionQuantityIT,releaseAuditFailureRollsBackSnapshotsAndRuntimeThenDirectReleaseReplays,PASS,0.753
com.hospital.mes.production.ProductionQuantityIT,genealogyOrAuditFailureRollsBackWholeChargeThenReplayConsumesOnlyOnce,PASS,2.358
com.hospital.mes.production.ProductionQuantityIT,subBatchReleaseCreatesOnlySameParentExecutionsAndOrderCannotOverAllocate,PASS,0.956
com.hospital.mes.production.ProductionQuantityIT,weighingRejectsWrongFormulaToleranceExpiredScaleAndRevokedRelease,PASS,2.439
com.hospital.mes.production.ProductionQuantityIT,requiredClearanceWithoutProducerBlocksStartAndClientCannotSupplyPassed,PASS,1.941
com.hospital.mes.production.ProductionQuantityIT,productionHttpUsesClosedContractsPermissionAndImmutableSnapshot,PASS,0.94
com.hospital.mes.production.ProductionQuantityIT,realIncomingReleaseThroughSignedWeighChargeReturnAndReversePreservesTrace,PASS,4.421
com.hospital.mes.production.ProductionQuantityIT,signedIndependentApprovalFreezesActualPlanInDispatchSnapshot,PASS,0.926
com.hospital.mes.production.ProductionQuantityIT,draftPlanDoesNotPermitDispatchOrClientPassEvidence,PASS,1.336
com.hospital.mes.production.ProductionQuantityIT,outputCreatesOneQuarantinedLotAndReversalPreservesSignedOriginalAndStock,PASS,4.568
com.hospital.mes.production.ProductionQuantityIT,auditFailureRollsBackOutputAndRootThenReplayCreatesOneFact,PASS,1.974
com.hospital.mes.production.ProductionQuantityIT,clientCannotSupplyChargeAndStaleBatchVersionCreatesNoQuantityFact,PASS,2.49
com.hospital.mes.production.QcProducerConcurrencyIT,actualFormCompletionDrivesProductionCompleteButCannotFabricateQa,PASS,3.858
com.hospital.mes.production.QcProducerConcurrencyIT,sameMaterialDifferentFormulaLineCannotBorrowReservationEntitlement,PASS,3.486
com.hospital.mes.production.QcProducerConcurrencyIT,productionOrderFilterIsAnExistingPositiveIdQueryContract,PASS,1.099
com.hospital.mes.production.QcProducerConcurrencyIT,fefoSelectsEarlierReleasedLotAndIssueIsNotConsumption,PASS,3.726
com.hospital.mes.production.QcProducerConcurrencyIT,trustedDeviceReplayEquipmentSegmentsAndPredecessorStayConsistent,PASS,4.213
com.hospital.mes.production.QcProducerConcurrencyIT,releaseAuditFailureRollsBackSnapshotsAndRuntimeThenDirectReleaseReplays,PASS,1.275
com.hospital.mes.production.QcProducerConcurrencyIT,genealogyOrAuditFailureRollsBackWholeChargeThenReplayConsumesOnlyOnce,PASS,3.924
com.hospital.mes.production.QcProducerConcurrencyIT,subBatchReleaseCreatesOnlySameParentExecutionsAndOrderCannotOverAllocate,PASS,1.548
com.hospital.mes.production.QcProducerConcurrencyIT,weighingRejectsWrongFormulaToleranceExpiredScaleAndRevokedRelease,PASS,3.378
com.hospital.mes.production.QcProducerConcurrencyIT,requiredClearanceWithoutProducerBlocksStartAndClientCannotSupplyPassed,PASS,2.424
com.hospital.mes.production.QcProducerConcurrencyIT,productionHttpUsesClosedContractsPermissionAndImmutableSnapshot,PASS,1.17
com.hospital.mes.production.QcProducerConcurrencyIT,realIncomingReleaseThroughSignedWeighChargeReturnAndReversePreservesTrace,PASS,7.203
com.hospital.mes.production.QcProducerConcurrencyIT,concurrentChargesCannotConsumeSameVerifiedWeighingTwice,PASS,4.584
com.hospital.mes.production.QcProducerConcurrencyIT,releasedLotAtDateBoundaryCannotConfirmIssue(String)[1],PASS,2.125
com.hospital.mes.production.QcProducerConcurrencyIT,releasedLotAtDateBoundaryCannotConfirmIssue(String)[2],PASS,3.231
com.hospital.mes.production.QcProducerConcurrencyIT,concurrentOrderPlanReductionPreventsStaleBatchAllocation,PASS,1.161
com.hospital.mes.production.QcProducerConcurrencyIT,concurrentSignedReleaseSuccessorsHaveOnlyOneWinnerAndRetainOriginalSignature,PASS,2.619
com.hospital.mes.production.QcProducerConcurrencyIT,"releasedLotAtDateBoundaryCannotCreateProductionFacts(String, String)[1]",PASS,2.607
com.hospital.mes.production.QcProducerConcurrencyIT,"releasedLotAtDateBoundaryCannotCreateProductionFacts(String, String)[2]",PASS,3.671
com.hospital.mes.production.QcProducerConcurrencyIT,"releasedLotAtDateBoundaryCannotCreateProductionFacts(String, String)[3]",PASS,2.744
com.hospital.mes.production.QcProducerConcurrencyIT,"releasedLotAtDateBoundaryCannotCreateProductionFacts(String, String)[4]",PASS,3.55
com.hospital.mes.production.QcProducerConcurrencyIT,"releasedLotAtDateBoundaryCannotCreateProductionFacts(String, String)[5]",PASS,2.535
com.hospital.mes.production.QcProducerConcurrencyIT,"releasedLotAtDateBoundaryCannotCreateProductionFacts(String, String)[6]",PASS,2.768
com.hospital.mes.production.QcProducerConcurrencyIT,firstConcurrentAllocationPreventsChangingOrderProduct,PASS,1.082
com.hospital.mes.production.QcProducerConcurrencyIT,concurrentOrderAllocationHasOneWinnerAndNoRejectedCommandFacts,PASS,0.807
com.hospital.mes.production.QcProducerConcurrencyIT,reconcileOnlyArchivedRedTrialDraftOrdersThroughAuditedCommand,SKIPPED,0.0
com.hospital.mes.production.QcProducerConcurrencyIT,equipmentIdentityIsExclusiveAcrossDifferentOrdersAndResume,PASS,7.865
com.hospital.mes.production.QcProducerConcurrencyIT,"finalGateSerializesWithActualSignedQualitySupersession(String, boolean)[1]",PASS,3.297
com.hospital.mes.production.QcProducerConcurrencyIT,"finalGateSerializesWithActualSignedQualitySupersession(String, boolean)[2]",PASS,1.985
com.hospital.mes.production.QcProducerConcurrencyIT,"finalGateSerializesWithActualSignedQualitySupersession(String, boolean)[3]",PASS,1.948
com.hospital.mes.production.QcProducerConcurrencyIT,"finalGateSerializesWithActualSignedQualitySupersession(String, boolean)[4]",PASS,3.111
com.hospital.mes.production.QcProducerConcurrencyIT,"finalGateSerializesWithActualSignedQualitySupersession(String, boolean)[5]",PASS,3.823
com.hospital.mes.production.QcProducerConcurrencyIT,"finalGateSerializesWithActualSignedQualitySupersession(String, boolean)[6]",PASS,5.715
com.hospital.mes.production.QcProducerConcurrencyIT,"finalGateSerializesWithActualSignedQualitySupersession(String, boolean)[7]",PASS,2.652
com.hospital.mes.production.QcProducerConcurrencyIT,"finalGateSerializesWithActualSignedQualitySupersession(String, boolean)[8]",PASS,4.909
com.hospital.mes.production.QcProducerConcurrencyIT,editAndApprovalSerializeWithoutSigningStaleDefinition(boolean)[1],PASS,2.869
com.hospital.mes.production.QcProducerConcurrencyIT,editAndApprovalSerializeWithoutSigningStaleDefinition(boolean)[2],PASS,3.388
com.hospital.mes.production.QcProducerConcurrencyIT,requestAndRetirementSerializeWhileHistoricalSnapshotRemainsValid(boolean)[1],PASS,6.493
com.hospital.mes.production.QcProducerConcurrencyIT,requestAndRetirementSerializeWhileHistoricalSnapshotRemainsValid(boolean)[2],PASS,4.034
com.hospital.mes.qc.integration.QcFinalContractIT,signedLifecycleSnapshotsRetirementAndReplay,PASS,0.57
com.hospital.mes.qc.integration.QcFinalContractIT,approvalPermissionVersionBindingSignerFailureAndChangedReplayPreserveDraft,PASS,0.212
com.hospital.mes.qc.integration.QcFinalContractIT,approvalAuditFailureRollsBackAllEvidence,PASS,0.195
com.hospital.mes.qc.integration.QcFinalContractIT,approvingNextVersionDoesNotRetireOrChangeExistingApprovedStandard,PASS,0.305
com.hospital.mes.qc.integration.QcFinalContractIT,scopeLocksAndSignedDefinitionsFailClosed,PASS,0.113
com.hospital.mes.qc.integration.QcFinalContractIT,draftTombstonesAndAllAuthorsAreRetained,PASS,0.228
com.hospital.mes.qc.integration.QcFinalContractIT,expiredRealRedisTokenOnActualQcHttpReturnsUnauthorizedWithoutFacts,PASS,0.708
com.hospital.mes.qc.integration.QcFinalContractIT,identityUniquenessAndOrphanConstraintsRejectWithoutExtraFacts,PASS,0.137
com.hospital.mes.qc.integration.QcFinalContractIT,namedLifecycleRejectsEveryInvalidTransitionAndRetiredContentMutation,PASS,0.217
com.hospital.mes.qc.integration.QcFinalContractIT,realPasswordRedisExpiredBoundAndSingleUseTokensProtectActualApproval,PASS,1.532
com.hospital.mes.qc.integration.QcFinalContractIT,definitionBoundsExclusivityPrecisionAndRequiredValuesAreRejectedAtomically,PASS,0.112
com.hospital.mes.qc.integration.QcFinalContractIT,eightActualHttpOperationsPreserveEtagsClosedDtoPermissionsAndScope,PASS,0.268
com.hospital.mes.qc.integration.QcFinalContractIT,everyQcHttpOperationRequiresItsPermissionAndSignedActionsRequireSign,PASS,0.112
com.hospital.mes.qc.integration.QcSpecificationIT,signedLifecycleSnapshotsRetirementAndReplay,PASS,0.193
com.hospital.mes.qc.integration.QcSpecificationIT,approvalPermissionVersionBindingSignerFailureAndChangedReplayPreserveDraft,PASS,0.144
com.hospital.mes.qc.integration.QcSpecificationIT,approvalAuditFailureRollsBackAllEvidence,PASS,0.072
com.hospital.mes.qc.integration.QcSpecificationIT,approvingNextVersionDoesNotRetireOrChangeExistingApprovedStandard,PASS,0.139
com.hospital.mes.qc.integration.QcSpecificationIT,scopeLocksAndSignedDefinitionsFailClosed,PASS,0.114
com.hospital.mes.qc.integration.QcSpecificationIT,draftTombstonesAndAllAuthorsAreRetained,PASS,0.243
com.hospital.mes.wms.integration.AttachmentIT,exactBytesReplayAndApprovedReceiptAppend,PASS,0.19
com.hospital.mes.wms.integration.AttachmentIT,organizationSourceAccessAndStaleLinkFailClosed,PASS,0.07
com.hospital.mes.wms.integration.AttachmentIT,auditFailureRollsBackAttachmentAndIdempotency,PASS,0.038
com.hospital.mes.wms.integration.AttachmentIT,actualMultipartHttpPreservesBytesReplayPermissionsAndSizeFailures,PASS,0.323
com.hospital.mes.wms.integration.AttachmentIT,emptyAndOversizedDeliveryDocumentsLeaveNoAttachmentOrIdempotencyFacts,PASS,0.112
com.hospital.mes.wms.integration.WmsIT,ledgerRebuildMoveAdjustmentPrecisionAndPhysicalAppendOnly,PASS,0.178
com.hospital.mes.wms.integration.WmsIT,directReceivePreservesOriginalPermissionAndRecordsControlledExemption,PASS,0.102
com.hospital.mes.wms.integration.WmsIT,concurrentLotWriterMakesWaitingAdjustmentRejectStaleVersion,PASS,0.041
com.hospital.mes.wms.integration.WmsIT,draftSaveConfirmIdempotencyAndSnapshotAreStable,PASS,0.143
com.hospital.mes.wms.integration.WmsIT,confirmAuditFailureRollsBackLotLedgerSnapshotAndIdempotency,PASS,0.135
com.hospital.mes.wms.integration.WmsIT,organizationPermissionClosedDtoAndInvalidProductionWritesFailClosed,PASS,0.274
com.hospital.mes.wms.integration.WmsIT,controlledExemptionHasRuleEvidenceNullHumanSignerAndNoFabricatedQcRecords,PASS,0.144
com.hospital.mes.wms.integration.WmsIT,approvedNonpreferredSupplierAllowedButExpiredSourceAndFailedChecksBlocked,PASS,0.102
com.hospital.mes.wms.integration.WmsIT,draftCannotDropStoredItemsAndStorageCannotDisableStock,PASS,0.095
com.hospital.mes.wms.integration.WmsIT,exemptReceiptRequiresEveryCheckAndApprovedSupplierBeforeAnyReleaseFacts,PASS,0.207
com.hospital.mes.wms.integration.WmsIT,frozenAndExpiredLotsCannotMoveOrAdjust,PASS,0.151
