Page ID,Name,Type,Route,Requirement,Permission
UI-IAM-USR-Q,用户,QUERY,/admin/users,"IAM-001,IAM-002",iam:user:view
UI-IAM-USR-C,用户,CREATE,/admin/users/create,"IAM-001,IAM-002",iam:user:create
UI-IAM-USR-V,用户,VIEW,/admin/users/:id,"IAM-001,IAM-002",iam:user:view
UI-IAM-USR-E,用户,EDIT,/admin/users/:id/edit,"IAM-001,IAM-002",iam:user:update
UI-IAM-ROL-Q,角色,QUERY,/admin/roles,IAM-002,iam:role:view
UI-IAM-ROL-C,角色,CREATE,/admin/roles/create,IAM-002,iam:role:create
UI-IAM-ROL-V,角色,VIEW,/admin/roles/:id,IAM-002,iam:role:view
UI-IAM-ROL-E,角色,EDIT,/admin/roles/:id/edit,IAM-002,iam:role:update
UI-MAT-Q,物料,QUERY,/master/materials,MD-MAT-001,master:material:view
UI-MAT-C,物料,CREATE,/master/materials/create,MD-MAT-001,master:material:create
UI-MAT-V,物料,VIEW,/master/materials/:id,MD-MAT-001,master:material:view
UI-MAT-E,物料,EDIT,/master/materials/:id/edit,MD-MAT-001,master:material:update
UI-SUP-Q,供应商,QUERY,/master/suppliers,MD-SUP-001,master:supplier:view
UI-SUP-C,供应商,CREATE,/master/suppliers/create,MD-SUP-001,master:supplier:create
UI-SUP-V,供应商,VIEW,/master/suppliers/:id,MD-SUP-001,master:supplier:view
UI-SUP-E,供应商,EDIT,/master/suppliers/:id/edit,MD-SUP-001,master:supplier:update
UI-EQP-Q,设备,QUERY,/master/equipment,MD-EQP-001,master:equipment:view
UI-EQP-C,设备,CREATE,/master/equipment/create,MD-EQP-001,master:equipment:create
UI-EQP-V,设备,VIEW,/master/equipment/:id,MD-EQP-001,master:equipment:view
UI-EQP-E,设备,EDIT,/master/equipment/:id/edit,MD-EQP-001,master:equipment:update
UI-PKG-Q,工艺包,QUERY,/process/packages,"PROC-001,PROC-BOM-001,PROC-ROUTE-001,PROC-PARAM-001",process:package:view
UI-PKG-C,工艺包,CREATE,/process/packages/create,"PROC-001,PROC-BOM-001,PROC-ROUTE-001,PROC-PARAM-001",process:package:create
UI-PKG-V,工艺包,VIEW,/process/packages/:id,"PROC-001,PROC-BOM-001,PROC-ROUTE-001,PROC-PARAM-001",process:package:view
UI-PKG-E,工艺包,EDIT,/process/packages/:id/edit,"PROC-001,PROC-BOM-001,PROC-ROUTE-001,PROC-PARAM-001",process:package:update
UI-EBR-TPL-Q,eBR模板,QUERY,/ebr/templates,"EBR-001,EBR-002,EBR-003",ebr:template:view
UI-EBR-TPL-C,eBR模板,CREATE,/ebr/templates/create,"EBR-001,EBR-002,EBR-003",ebr:template:create
UI-EBR-TPL-V,eBR模板,VIEW,/ebr/templates/:id,"EBR-001,EBR-002,EBR-003",ebr:template:view
UI-EBR-TPL-E,eBR模板,EDIT,/ebr/templates/:id/designer,"EBR-001,EBR-002,EBR-003",ebr:template:update
UI-WMS-REC-Q,收货单,QUERY,/wms/receipts,WMS-001,wms:receipt:view
UI-WMS-REC-C,收货单,CREATE,/wms/receipts/create,WMS-001,wms:receipt:create
UI-WMS-REC-V,收货单,VIEW,/wms/receipts/:id,WMS-001,wms:receipt:view
UI-WMS-REC-E,收货单,EDIT,/wms/receipts/:id/edit,WMS-001,wms:receipt:update
UI-WMS-ISS-Q,发料单,QUERY,/wms/issues,"WMS-003,WMS-004",wms:issue:view
UI-WMS-ISS-C,发料单,CREATE,/wms/issues/create,"WMS-003,WMS-004",wms:issue:create
UI-WMS-ISS-V,发料单,VIEW,/wms/issues/:id,"WMS-003,WMS-004",wms:issue:view
UI-WMS-ISS-E,发料单,EDIT,/wms/issues/:id/edit,"WMS-003,WMS-004",wms:issue:update
UI-ORD-Q,生产订单,QUERY,/production/orders,PRD-001,production:order:view
UI-ORD-C,生产订单,CREATE,/production/orders/create,PRD-001,production:order:create
UI-ORD-V,生产订单,VIEW,/production/orders/:id,PRD-001,production:order:view
UI-ORD-E,生产订单,EDIT,/production/orders/:id/edit,PRD-001,production:order:update
UI-BAT-Q,生产批,QUERY,/production/batches,"PRD-002,PRD-003,PRD-004",production:batch:view
UI-BAT-C,生产批,CREATE,/production/batches/create,"PRD-002,PRD-003,PRD-004",production:batch:create
UI-BAT-V,生产批,VIEW,/production/batches/:id,"PRD-002,PRD-003,PRD-004",production:batch:view
UI-BAT-E,生产批,EDIT,/production/batches/:id/edit,"PRD-002,PRD-003,PRD-004",production:batch:update
UI-DEV-Q,偏差,QUERY,/quality/deviations,QMS-DEV-001,qms:deviation:view
UI-DEV-C,偏差,CREATE,/quality/deviations/create,QMS-DEV-001,qms:deviation:create
UI-DEV-V,偏差,VIEW,/quality/deviations/:id,QMS-DEV-001,qms:deviation:view
UI-DEV-E,偏差,EDIT,/quality/deviations/:id/edit,QMS-DEV-001,qms:deviation:update
UI-EXEC-W,ExecutionUnit工作台,WORK,/mes/execution/:id,"PRD-004,MES-OP-001",mes:operation:view
UI-WGH-W,称量工作台,WORK,/mes/execution/:id/weighing,MES-WGH-001,mes:weigh:create
UI-CHG-W,投料工作台,WORK,/mes/execution/:id/charge,MES-CHG-001,mes:charge:create
UI-EBR-R,eBR Renderer,WORK,/mes/execution/:id/forms/:formId,"EBR-004,EBR-005,EBR-006,EBR-007",ebr:form:view
UI-BAL-V,物料平衡详情,VIEW,/production/batches/:id/balance,"BAL-001,BAL-002,BAL-003",balance:view
UI-QA-V,QA批审详情,VIEW,/qa/batches/:id/review,REL-001,qa:batch-review
UI-REL-W,QA Release工作页,WORK,/qa/batches/:id/release,REL-001,qa:release
UI-TRC-Q,追溯查询,QUERY,/trace,TRC-001,trace:view
UI-AUD-Q,审计查询,QUERY,/audit,AUD-001,audit:view
UI-INT-OPS,集成收件箱/发件箱运维,OPERATIONS,/integration/operations,INT-001,integration:view
UI-WMS-REC-Q,原辅料收货,QUERY,/wms/receipts,WMS-001,wms:receipt:view
UI-WMS-REC-V,收货记录,VIEW,/wms/receipts/:id,WMS-001,wms:receipt:view
UI-WMS-LOT-V,物料批次360°,VIEW,/wms/material-lots/:id,WMS-001;WMS-ELG-001,wms:inventory:view
UI-QMS-IN-Q,请验管理,QUERY,/quality/inspection-requests,QMS-IN-001,qms:inspection-request:view
UI-QMS-IN-V,请验单,VIEW,/quality/inspection-requests/:id,QMS-IN-001,qms:inspection-request:view
UI-QMS-SMP-Q,取样任务,QUERY,/quality/sampling-tasks,QMS-SMP-001,qms:sampling:view
UI-QMS-SMP-V,取样记录,VIEW,/quality/sampling-tasks/:id,QMS-SMP-001,qms:sampling:view
UI-QMS-SAM-Q,样品管理,QUERY,/quality/samples,QMS-SMP-001,qms:test:view
UI-QMS-SAM-V,样品详情,VIEW,/quality/samples/:id,QMS-SMP-001,qms:test:view
UI-QMS-TST-Q,检验任务,QUERY,/quality/inspection-tasks,QMS-TST-001,qms:test:view
UI-QMS-TST-V,检验记录,VIEW,/quality/inspection-tasks/:id,QMS-TST-001,qms:test:view
UI-QMS-RPT-Q,检验报告,QUERY,/quality/inspection-reports,QMS-RPT-001,qms:report:view
UI-QMS-RPT-V,检验报告详情,VIEW,/quality/inspection-reports/:id,QMS-RPT-001,qms:report:view
UI-QA-MREL-V,物料放行审核,VIEW,/qa/material-lots/:id/review,QMS-MREL-001,qa:material-release:view
UI-QA-MREL-W,物料放行决定,WORK,/qa/material-lots/:id/release,QMS-MREL-001,qa:material-release:decide
UI-ORG-Q,组织,QUERY,/master/organizations,MD-001,master:org:view
UI-ORG-C,组织,CREATE,/master/organizations/create,MD-001,master:org:create
UI-ORG-V,组织,VIEW,/master/organizations/:id,MD-001,master:org:view
UI-ORG-E,组织,EDIT,/master/organizations/:id/edit,MD-001,master:org:update
UI-UOM-Q,单位,QUERY,/master/units,MD-002,master:uom:view
UI-UOM-C,单位,CREATE,/master/units/create,MD-002,master:uom:create
UI-UOM-V,单位,VIEW,/master/units/:id,MD-002,master:uom:view
UI-UOM-E,单位,EDIT,/master/units/:id/edit,MD-002,master:uom:update
UI-CONV-Q,单位换算,QUERY,/master/unit-conversions,MD-002,master:uom:view
UI-CONV-C,单位换算,CREATE,/master/unit-conversions/create,MD-002,master:uom:create
UI-CONV-V,单位换算,VIEW,/master/unit-conversions/:id,MD-002,master:uom:view
UI-CONV-E,单位换算,EDIT,/master/unit-conversions/:id/edit,MD-002,master:uom:update
UI-QUAL-Q,人员资格,QUERY,/master/qualifications,MD-QUAL-001,master:qualification:view
UI-QUAL-C,人员资格,CREATE,/master/qualifications/create,MD-QUAL-001,master:qualification:create
UI-QUAL-V,人员资格,VIEW,/master/qualifications/:id,MD-QUAL-001,master:qualification:view
UI-QUAL-E,人员资格,EDIT,/master/qualifications/:id/edit,MD-QUAL-001,master:qualification:update

UI-PRODUCT-Q,产品,QUERY,/process/products,PROC-001,master:product:view
UI-PRODUCT-C,产品,CREATE,/process/products/create,PROC-001,master:product:create
UI-PRODUCT-V,产品,VIEW,/process/products/:id,PROC-001,master:product:view
UI-PRODUCT-E,产品,EDIT,/process/products/:id/edit,PROC-001,master:product:update
