Requirement ID,Title,Database,API,UI,Task,Test,Status
IAM-001,认证与账户状态,sys_user;sys_role;sys_permission;sys_menu,/auth;/users;/roles,RBAC,MES-002-R2,TC-IAM-001;TC-IAM-002,FROZEN
IAM-002,RBAC授权,sys_user;sys_role;sys_permission;sys_menu,/auth;/users;/roles,RBAC,MES-002-R2,TC-IAM-003;TC-IAM-004,FROZEN
MD-001,组织层级,md_organization;md_unit;md_unit_conversion,/organizations;/units,基础主数据,MES-003-R2,TC-MD-002,FROZEN
MD-002,单位与换算,md_organization;md_unit;md_unit_conversion,/organizations;/units,基础主数据,MES-003-R2,TC-MD-001,FROZEN
MD-MAT-001,物料基本信息（停用三个名称字段）,md_material;md_material_version;md_material_quality_spec;md_material_storage_rule;md_material_production_rule,/materials,物料主数据,MES-004-R2,TC-MAT-001;TC-MAT-002;TC-MAT-003;TC-MAT-004;TC-UI-001,FROZEN
MD-SUP-001,供应商与合格关系,md_supplier;md_material_supplier,/suppliers,供应商,MES-005-R2,TC-SUP-001;TC-SUP-002,FROZEN
MD-EQP-001,设备与校准,md_equipment;md_qualification,/equipment;/qualifications,设备/资格,MES-003-R2,TC-EQP-001,FROZEN
MD-QUAL-001,人员资格,md_equipment;md_qualification,/equipment;/qualifications,设备/资格,MES-003-R2,TC-QUAL-001,FROZEN
PROC-001,工艺包版本,proc_package;proc_package_version;proc_formula_version;proc_formula_item;proc_route_version;proc_operation_def;proc_parameter_def,/process-packages,工艺设计器,MES-006-R2,TC-PROC-001,FROZEN
PROC-BOM-001,处方/BOM,proc_package;proc_package_version;proc_formula_version;proc_formula_item;proc_route_version;proc_operation_def;proc_parameter_def,/process-packages,工艺设计器,MES-006-R2,TC-PROC-003,FROZEN
PROC-ROUTE-001,路线与工序,proc_package;proc_package_version;proc_formula_version;proc_formula_item;proc_route_version;proc_operation_def;proc_parameter_def,/process-packages,工艺设计器,MES-006-R2,TC-PROC-002,FROZEN
PROC-PARAM-001,工艺参数,proc_package;proc_package_version;proc_formula_version;proc_formula_item;proc_route_version;proc_operation_def;proc_parameter_def,/process-packages,工艺设计器,MES-006-R2,TC-PROC-004,FROZEN
EBR-001,动态Designer,ebr_template_version;ebr_section_def;ebr_group_def;ebr_form_def;ebr_field_def;ebr_rule_def;ebr_batch_snapshot;ebr_form_instance;ebr_field_value_revision;ebr_rule_execution;ebr_review_record;gxp_signature;ebr_pdf_manifest,/ebr/*;/forms/*,eBR Designer/Renderer,MES-007-R2;MES-013-R2,TC-EBR-001,FROZEN
EBR-002,动态字段,ebr_template_version;ebr_section_def;ebr_group_def;ebr_form_def;ebr_field_def;ebr_rule_def;ebr_batch_snapshot;ebr_form_instance;ebr_field_value_revision;ebr_rule_execution;ebr_review_record;gxp_signature;ebr_pdf_manifest,/ebr/*;/forms/*,eBR Designer/Renderer,MES-007-R2;MES-013-R2,TC-EBR-011,FROZEN
EBR-003,规则引擎,ebr_template_version;ebr_section_def;ebr_group_def;ebr_form_def;ebr_field_def;ebr_rule_def;ebr_batch_snapshot;ebr_form_instance;ebr_field_value_revision;ebr_rule_execution;ebr_review_record;gxp_signature;ebr_pdf_manifest,/ebr/*;/forms/*,eBR Designer/Renderer,MES-007-R2;MES-013-R2,TC-EBR-002;TC-EBR-005,FROZEN
EBR-004,批次版本冻结,ebr_template_version;ebr_section_def;ebr_group_def;ebr_form_def;ebr_field_def;ebr_rule_def;ebr_batch_snapshot;ebr_form_instance;ebr_field_value_revision;ebr_rule_execution;ebr_review_record;gxp_signature;ebr_pdf_manifest,/ebr/*;/forms/*,eBR Designer/Renderer,MES-007-R2;MES-013-R2,TC-EBR-003,FROZEN
EBR-005,Renderer,ebr_template_version;ebr_section_def;ebr_group_def;ebr_form_def;ebr_field_def;ebr_rule_def;ebr_batch_snapshot;ebr_form_instance;ebr_field_value_revision;ebr_rule_execution;ebr_review_record;gxp_signature;ebr_pdf_manifest,/ebr/*;/forms/*,eBR Designer/Renderer,MES-007-R2;MES-013-R2,TC-EBR-004;TC-EBR-009,FROZEN
EBR-006,更正修订链,ebr_template_version;ebr_section_def;ebr_group_def;ebr_form_def;ebr_field_def;ebr_rule_def;ebr_batch_snapshot;ebr_form_instance;ebr_field_value_revision;ebr_rule_execution;ebr_review_record;gxp_signature;ebr_pdf_manifest,/ebr/*;/forms/*,eBR Designer/Renderer,MES-007-R2;MES-013-R2,TC-EBR-006,FROZEN
EBR-007,电子签名/复核,ebr_template_version;ebr_section_def;ebr_group_def;ebr_form_def;ebr_field_def;ebr_rule_def;ebr_batch_snapshot;ebr_form_instance;ebr_field_value_revision;ebr_rule_execution;ebr_review_record;gxp_signature;ebr_pdf_manifest,/ebr/*;/forms/*,eBR Designer/Renderer,MES-007-R2;MES-013-R2,TC-EBR-007;TC-EBR-008,FROZEN
EBR-008,PDF归档,ebr_template_version;ebr_section_def;ebr_group_def;ebr_form_def;ebr_field_def;ebr_rule_def;ebr_batch_snapshot;ebr_form_instance;ebr_field_value_revision;ebr_rule_execution;ebr_review_record;gxp_signature;ebr_pdf_manifest,/ebr/*;/forms/*,eBR Designer/Renderer,MES-007-R2;MES-013-R2,TC-EBR-010,FROZEN
WMS-001,收货待验上架,wms_warehouse;wms_location;md_material_lot;wms_inventory_ledger;wms_reservation;wms_material_issue,/inventory/*;/material-issues,WMS,MES-008-R2,TC-WMS-001,FROZEN
WMS-002,库存流水,wms_warehouse;wms_location;md_material_lot;wms_inventory_ledger;wms_reservation;wms_material_issue,/inventory/*;/material-issues,WMS,MES-008-R2,TC-WMS-002;TC-WMS-003,FROZEN
WMS-003,预留齐套,wms_warehouse;wms_location;md_material_lot;wms_inventory_ledger;wms_reservation;wms_material_issue,/inventory/*;/material-issues,WMS,MES-008-R2,TC-WMS-004,FROZEN
WMS-004,发料退料,wms_warehouse;wms_location;md_material_lot;wms_inventory_ledger;wms_reservation;wms_material_issue,/inventory/*;/material-issues,WMS,MES-008-R2,TC-WMS-005,FROZEN
PRD-001,生产订单,prd_production_order;prd_main_batch;prd_sub_batch;prd_execution_unit;prd_process_snapshot,/production-orders;/main-batches;/execution-units,生产管理,MES-009-R2,TC-BAT-005,FROZEN
PRD-002,MainBatch,prd_production_order;prd_main_batch;prd_sub_batch;prd_execution_unit;prd_process_snapshot,/production-orders;/main-batches;/execution-units,生产管理,MES-009-R2,TC-BAT-001;TC-UI-002,FROZEN
PRD-003,SubBatch,prd_production_order;prd_main_batch;prd_sub_batch;prd_execution_unit;prd_process_snapshot,/production-orders;/main-batches;/execution-units,生产管理,MES-009-R2,TC-BAT-002,FROZEN
PRD-004,ExecutionUnit,prd_production_order;prd_main_batch;prd_sub_batch;prd_execution_unit;prd_process_snapshot,/production-orders;/main-batches;/execution-units,生产管理,MES-009-R2,TC-BAT-003;TC-BAT-004,FROZEN
MES-OP-001,工序状态机,mes_operation_execution;mes_equipment_usage;mes_equipment_run;mes_parameter_value,/operations/*,车间执行,MES-010-R2,TC-OP-001;TC-OP-002,FROZEN
MES-EQP-001,设备Usage/Run,mes_operation_execution;mes_equipment_usage;mes_equipment_run;mes_parameter_value,/operations/*,车间执行,MES-010-R2,TC-EQP-002,FROZEN
MES-PAR-001,参数采集,mes_operation_execution;mes_equipment_usage;mes_equipment_run;mes_parameter_value,/operations/*,车间执行,MES-010-R2,TC-PAR-001,FROZEN
MES-WGH-001,称量,mes_weighing_record;mes_material_charge;mes_quantity_event;mes_genealogy;wms_inventory_ledger,/weighings;/material-charges;/trace,称量投料/追溯,MES-011-R2,TC-WGH-001;TC-WGH-002;TC-WGH-003,FROZEN
MES-CHG-001,投料,mes_weighing_record;mes_material_charge;mes_quantity_event;mes_genealogy;wms_inventory_ledger,/weighings;/material-charges;/trace,称量投料/追溯,MES-011-R2,TC-CHG-001;TC-CHG-002;TC-CHG-003,FROZEN
BAL-001,数量事件,mes_quantity_event;mes_balance_rule;mes_balance_result;mes_balance_investigation,/balances/*,物料平衡,MES-012-R2,TC-BAL-004,FROZEN
BAL-002,规则计算,mes_quantity_event;mes_balance_rule;mes_balance_result;mes_balance_investigation,/balances/*,物料平衡,MES-012-R2,TC-BAL-001,FROZEN
BAL-003,超限调查,mes_quantity_event;mes_balance_rule;mes_balance_result;mes_balance_investigation,/balances/*,物料平衡,MES-012-R2,TC-BAL-002;TC-BAL-003,FROZEN
QMS-IPC-001,IPC,qms_ipc_instance;qms_sample;qms_test_result_revision;qms_deviation;qms_capa,/samples;/deviations;/ipc,QMS,MES-012-R2,TC-QMS-004,FROZEN
QMS-001,取样检验,qms_ipc_instance;qms_sample;qms_test_result_revision;qms_deviation;qms_capa,/samples;/deviations;/ipc,QMS,MES-012-R2,TC-QMS-001,FROZEN
QMS-DEV-001,Deviation/OOS/OOT/CAPA,qms_ipc_instance;qms_sample;qms_test_result_revision;qms_deviation;qms_capa,/samples;/deviations;/ipc,QMS,MES-012-R2,TC-QMS-002;TC-QMS-003,FROZEN
REL-001,QA放行,qms_release_decision;prd_main_batch;md_material_lot;gxp_signature,/release-decisions,QA放行,MES-013-R2,TC-REL-001;TC-REL-002;TC-REL-003;TC-REL-004,FROZEN
TRC-001,Genealogy,mes_weighing_record;mes_material_charge;mes_quantity_event;mes_genealogy;wms_inventory_ledger,/weighings;/material-charges;/trace,称量投料/追溯,MES-011-R2,TC-TRC-001,FROZEN
AUD-001,Audit Trail,gxp_audit_event,/audit-events,/audit,MES-001-R2,TC-AUD-001;TC-AUD-002,FROZEN V1.0.9
SIG-001,电子签名,gxp_signature;platform_idempotency_record,/auth/reauth;/records/{type}/{id}/sign,GxP Signature Dialog,MES-001-R2 platform; MES-007-R2/MES-013-R2 providers,TC-SIG-001;TC-SIG-002;TC-SIG-003;TC-EBR-007;TC-REL-003,FROZEN V1.0.9
INT-001,ERP/LIMS/设备集成,integration_inbox;integration_outbox;platform_idempotency_record,/integration/messages;/integration/messages/{messageRef}/retry,/integration/operations,MES-001-R2,TC-INT-001;TC-INT-002;TC-INT-003;TC-INT-004;TC-UI-003,FROZEN V1.0.9
NFR-001,安全,platform/config,N/A,管理,MES-001-R2,TC-MIG-001;TC-NFR-001,FROZEN V1.0.9 / ENTERPRISE VALIDATION OPEN
NFR-002,备份恢复与连续性,platform/config,N/A,管理,MES-001-R2,TC-NFR-001,FROZEN V1.0.9 / ENTERPRISE VALIDATION OPEN
NFR-003,数据保留,platform/config,N/A,管理,MES-001-R2,TC-NFR-001,FROZEN V1.0.9 / ENTERPRISE VALIDATION OPEN
MD-MAT-002,是否入库必验版本化,md_material_version;md_material_lot,/materials,/master/materials/:id,MES-004-R2,TC-MAT-005;TC-WMS-008,FROZEN V1.0.9
QMS-EXM-001,来料免验质量决策,md_material_lot;qms_release_decision,/qa/material-lots/{lotId}/release-review,/wms/material-lots/:id,MES-008A-R2,TC-WMS-006;TC-WMS-007,FROZEN V1.0.9
QMS-IN-001,来料请验,qms_inspection_request;qms_inspection_request_item,/quality/inspection-requests,/quality/inspection-requests,MES-008A-R2,TC-QMS-IN-001,FROZEN V1.0.9
QMS-SMP-001,包装级取样与样品,qms_sampling_task;qms_sampling_detail;qms_sample,/quality/sampling-tasks;/quality/samples,/quality/sampling-tasks,MES-008A-R2,TC-QMS-SMP-001;TC-QMS-SMP-002;TC-QMS-SMP-003,FROZEN V1.0.9
QMS-TST-001,来料检验与结果修订,qms_inspection_task;qms_inspection_item;qms_test_execution;qms_test_result_revision,/quality/inspection-tasks;/quality/inspection-items,/quality/inspection-tasks,MES-008A-R2,TC-QMS-TST-001;TC-QMS-TST-002;TC-QMS-TST-003,FROZEN V1.0.9
QMS-RPT-001,检验报告,qms_inspection_report;qms_inspection_report_item,/quality/inspection-reports,/quality/inspection-reports,MES-008A-R2,TC-QMS-RPT-001;TC-QMS-RPT-002,FROZEN V1.0.9
QMS-MREL-001,来料物料放行,qms_release_decision;md_material_lot,/qa/material-lots/{lotId}/release-decisions,/qa/material-lots/:id/release,MES-008A-R2,TC-QMS-MREL-001;TC-QMS-MREL-002;TC-QMS-MREL-003;TC-QMS-MREL-004,FROZEN V1.0.9
WMS-ELG-001,生产用料统一资格Gate,qms_release_decision;md_material_lot;wms_inventory_ledger,/wms/material-lots/{id}/eligibility,/wms/material-lots/:id,MES-008A-R2;MES-011-R2,TC-ELG-001;TC-ELG-002;TC-ELG-003;TC-ELG-004,FROZEN V1.0.9


MD-001,DCP-MES-003-R2-001 contract completion,LG-003,MES-003 typed OpenAPI,MES-003 route matrix,MES-003-R2,TC-MD-001/TC-MD-002/TC-EQP-001/TC-QUAL-001,FROZEN
MD-002,DCP-MES-003-R2-001 contract completion,LG-003,MES-003 typed OpenAPI,MES-003 route matrix,MES-003-R2,TC-MD-001/TC-MD-002/TC-EQP-001/TC-QUAL-001,FROZEN
MD-EQP-001,DCP-MES-003-R2-001 contract completion,LG-003,MES-003 typed OpenAPI,MES-003 route matrix,MES-003-R2,TC-MD-001/TC-MD-002/TC-EQP-001/TC-QUAL-001,FROZEN
MD-QUAL-001,DCP-MES-003-R2-001 contract completion,LG-003,MES-003 typed OpenAPI,MES-003 route matrix,MES-003-R2,TC-MD-001/TC-MD-002/TC-EQP-001/TC-QUAL-001,FROZEN
EBR-001;EBR-003,Approved staged definition gate,LG-007A,11 concrete eBR operations,existing Designer,MES-007-R2,TC-EBR-001;002;definition part of 011,runtime tests still required at LG-007B/010
WMS-001,Receipt draft update contract,wms_material_receipt/item,PUT /wms/receipts/{id},existing receipt Edit,MES-008-R2,optimistic/audit/confirmed immutable,APPROVED DCP; actual batch/Gate tests deferred
