Producer,Contract,Consumer,Source of Truth,Transaction/Event,Failure Behavior,Regression Scope
Material,MaterialSnapshot,Process/BOM; WMS; Weighing,md_material; consumer-owned immutable snapshot,同步读取,使用时快照不可变,物料基本维护不改变既有批次快照
Supplier,ApprovedSupplier,WMS Receipt,md_material_supplier,同步读取,过期/未批准422,收货资格
Process,FormulaItem/BOM,WMS; Weighing; Charge,proc_formula_item + ProcessSnapshot,批次冻结,BOM mismatch 422,物料用量/匹配
Process,Route/OperationDef,Execution,proc_operation_def snapshot,批次冻结,定义未批准阻断Release,工序执行
eBR Definition,Published Template,MainBatch/eBR Runtime,ebr_template_version,Snapshot,未批准阻断Batch Release,运行批稳定性
MainBatch,ProcessSnapshot,Execution/eBR/Balance/Release,prd_process_snapshot,同Release事务,快照失败整批Release回滚,批次定义真源
MainBatch,Execution Context,Operation/WMS/Charge/QMS,prd_main_batch + prd_execution_unit,同步,非法状态409,跨模块批次上下文
WMS,MaterialLot,Weighing/Charge/QC,md_material_lot,同步,非RELEASED/过期/冻结422,物料资格
WMS,InventoryLedger,Balance/Inventory Query,wms_inventory_ledger,本地事务,重复key幂等,库存事实账
Weighing,WeighingRecord,MaterialCharge/eBR,mes_weighing_record,同步,未确认/未复核阻断Charge,称量证据
MaterialCharge,Actual Charge,Inventory/Balance/Genealogy/eBR,mes_material_charge,单本地事务,任一副作用失败全回滚,实际投料真源
MaterialCharge,QuantityEvent(CHARGE),MaterialBalance,mes_quantity_event,同Charge事务,禁止缺sourceRef,平衡输入
MaterialCharge,Genealogy Edge,Traceability/Release,mes_genealogy,同Charge事务,缺链路视数据完整性异常,正反向追溯
Operation,OperationExecution,eBR/IPC/Balance,mes_operation_execution,同步,Gate失败BLOCKED,执行状态
QC,TestResult Evidence,QA Release,qms_test_result_revision,同步读取,QC PASS不触发Release,质量证据
Deviation,Deviation Status,Operation/QA Release,qms_deviation,同步读取,关键开放偏差阻断,异常Gate
Balance,BalanceResult,Batch Complete/QA Release,mes_balance_result,同步读取,FAIL未批准阻断,平衡Gate
eBR Runtime,Record Completeness/Signatures,QA Release,ebr runtime + gxp_signature,同步读取,缺失/失效签名阻断,批记录证据
QA Release,ReleaseDecision,Finished Inventory/ERP,qms_release_decision,本地事务+Outbox,Gate变化409/422,正式放行真源
MES-001 Platform,AuditEvent append/query,MES-002..013,gxp_audit_event + concrete OpenAPI,same local transaction,business change and audit both roll back,actor/role/action/object/digest/correlation/append-only
MES-001 Signature,SignableObjectProvider/canonicalization/reauth/sign,MES-007;MES-013,gxp_signature + provider registry,token consumption then local sign transaction,consumed token is never restored; failed DB transaction commits no signature,"JCS/SHA-256, binding, invalidation, re-sign"
MES-007 eBR,EBR_FORM_INSTANCE/EBR_REVIEW_RECORD providers,MES-001 Signature; MES-013 gates,eBR runtime + gxp_signature,same correction transaction for invalidation,invalid signature blocks review,TC-EBR-007/008 + platform signature regression
MES-013 Release,QA_RELEASE_DECISION provider,MES-001 Signature; release orchestration,release decision + signature + audit + inventory + outbox,single local transaction,any failed gate/effect rolls back all DB effects,TC-REL-001..004 + platform signature regression
MES-001 Integration,Inbox/Outbox operations + controlled retry policy,MES-004..013,integration tables + platform policy,outbox with origin transaction; worker claims separately,8th failure DEAD_LETTER; manual retry audited,TC-INT-001..004
MES-001 Idempotency,Generic Idempotency-Key,all mutating REST producers,platform_idempotency_record,operation transaction,different digest 409; completed same request replay,no module generic duplicate table
Material,Incoming inspection policy,WMS receipt,md_material_version,synchronous version read,invalid or non-effective version 422,TC-MAT-005;TC-WMS-008
WMS,MaterialReceipt and MaterialLot,QMS incoming quality,wms_material_receipt + md_material_lot,local transaction then domain event,missing qualification/check blocks confirmation,TC-WMS-006..008
QMS,Inspection evidence,QA incoming release,qms inspection/report/result tables,synchronous review projection,incomplete/unapproved evidence 422,TC-QMS-IN-001;TC-QMS-SMP-001..003;TC-QMS-TST-001..003;TC-QMS-RPT-001..002
QA,Scoped ReleaseDecision,WMS and production,qms_release_decision,atomic decision + lot status + audit/outbox,gate/signature/version failure rolls back,TC-QMS-MREL-001..004
Eligibility,MaterialEligibilityService,Reservation/Issue/Weighing/Charge,qms_release_decision + md_material_lot + wms_inventory_ledger,synchronous final-boundary evaluation,ineligible 422 MATERIAL_NOT_ELIGIBLE,TC-ELG-001..004
WMS,Inventory fact ledger,all quantity consumers,wms_inventory_ledger,append-only quantity transaction,no direct balance mutation,existing WMS regression
MES,Actual material charge,Genealogy/eBR/Balance,mes_material_charge,atomic charge transaction,failed eligibility creates no charge,TC-CHG-001..003;TC-ELG-004
,,,,,,
Master,Org/UOM/Conversion,Material; Process; WMS,md_organization + md_unit + md_unit_conversion,same-org query,invalid hierarchy/dimension 422,UOM + org isolation
Equipment,Equipment Gate,Execution; Weighing,md_equipment,execution UTC instant,expired/inactive/maintenance 422,resource gates
Master,Qualification Gate,Execution; Weighing,md_qualification,execution UTC instant,missing/expired 422,qualification gates
MaterialSupplier,PreferredSupplier,Material maintenance,md_material_supplier,同步读取,每物料最多一个有效首选且非空有效关系必须一个,首选资格/有效期失效时不自动替换
MES-006,"ProcessQueryService operations/requireOperation (org, process version, existing operation ID)",MES-007,proc_operation_def,read-only; no HTTP wrapper,absent/other-org/other-version rejected,MES007 ownership integration
MES-002,SystemReferenceQuery.requireRole(code); existing global enabled role,MES-007,sys_role,read-only,unknown/disabled role rejected,MES007 role lint
MES-007 LG-007A,Published definition/hash contract,MES-009 LG-007B,ebr normalized definitions and server published schema,batch freezes actual payload later,runtime dependent writes blocked before producer,all TC-EBR runtime cases retained
MES-008A/009,Actual MaterialEligibilityService/MainBatch,MES-008,actual release decisions and batch; no substitute,final write transaction recheck,DEPENDENCY_NOT_READY before actual producer,TC-WMS-004/005/006/007;TC-ELG-001/002 deferred mandatory
IncomingQMS/MainBatch,Staged QMS batch references,MES-009,qms_sample/qms_release_decision -> prd_main_batch,Append-only migration after real producer,Non-null writes blocked before FK; orphan refs stop migration,Incoming null targets; delayed FK validation
MaterialLot,Canonical finished-lot identity,ReleaseDecision,md_material_lot.id,Existing scoped decision,INCOMING_MATERIAL forbids finished_lot_id,Scope/target constraints; no duplicate FinishedLot
QC specification,SpecificationSnapshot,Incoming request/item,qc_specification_version/item,Same-transaction locked version selection,Nonapproved/new reference rejected; historical preserved,TC-IN-QCS-006;IQ-STD-01
Incoming investigation,Signed disposition and retest authorization,Report/MaterialRelease,qms_deviation,Shared scoped aggregate,Open/invalid evidence blocks release,IQ-OOS-04
Incoming quality,IncomingTrace and MaterialEligibility,Real WMS/Weighing/Charge,Original incoming records and ReleaseDecision,Final command transaction and query service,MATERIAL_NOT_ELIGIBLE,IQ-E2E-01
WMS,InventoryDecision/current MaterialLot restriction,MES-008A;MES-011,wms_material_lot_inventory_decision;md_material_lot,Lot lock + signed append + audit + idempotency atomic,422 restriction/QA/date gate;409 stale version,Signed freeze/unfreeze and final-use races
MES-012 bounded IPC stage,ExecutionQualityPort initialization/Gate,MES-010,qms_ipc_instance;qms_ipc_result_revision;qms_ipc_review,Synchronous same release transaction;root/operation current lock,Missing/valid FAIL/unreviewed required result blocks;producer failure rolls back release,TC-OP-002;TC-QMS-004;exact result and completion contention
MES-010,Controlled clearance current evidence,START;RESUME,mes_clearance_record;mes_clearance_review,Root/Operation lock + immutable signed facts,Missing/FAIL/rejected/wrong binding blocks start,Actual independent review and start/rerecord contention
QMS plan,Frozen production quality plan,Batch dispatch / balance / finished QC,qms_production_plan + prd_process_snapshot,Same dispatch transaction,Missing plan blocks later completion; no invented evidence,TC-BAL-001..004;TC-QMS-001..004
QMS balance,Current input digest / exception,Operation / batch close / QA,mes_balance_result / mes_balance_investigation,Current shared batch root locks,Missing/stale/FAIL without signed exception blocks,TC-BAL-002..003;TC-REL-003
Finished QA,FINISHED_PRODUCT effective decision,MainBatch / stock / archive,qms_release_decision,Decision + signature + inventory + audit + outbox,Rollback all effects / competing successor rejected,TC-REL-001..004;TC-EBR-010
Production,existing immutable snapshot identity + formula,MaterialRequest,prd_process_snapshot,batch/root lock,reject mismatch or cross org,request and issue
MaterialRequest,submitted line quota,MaterialIssue,request + linked confirmed issue sums,batch/request/issue/lot atomic,no over issue or partial commit,concurrent partial/full
Ledger/Reservation/Charge,lot balance read,WMS inventory T1,existing immutable facts,read projection,no fabricated location allocation,inventory exact units
IssueReturn,global scoped history,WMS returns T1/T2,wms_issue_return_item,read plus existing return command,no invented number/status or extra ledger,return and charge entitlement
ProductionQuantity,FG: actual signed OUTPUT/reversal via port,WMS,actual signed OUTPUT/reversal via port,Root locks/current reads; signed transaction,OUTPUT measurement never physical stock,FG-01..13 + direct QA/QC/archive regressions
WMS,FG: confirmed FinishedInboundRequest,QMS,confirmed FinishedInboundRequest,Root locks/current reads; signed transaction,independent signature + exact frozen source,FG-01..13 + direct QA/QC/archive regressions
Production QC,FG: Sample/TestResult/review/OOS,FinishedReport,Sample/TestResult/review/OOS,Root locks/current reads; signed transaction,immutable FAIL; frozen standard; independent review,FG-01..13 + direct QA/QC/archive regressions
QMS/WMS,FG: finished receiving/request/sampling/report,QA/eBR,finished receiving/request/sampling/report,Root locks/current reads; signed transaction,"8 gates, no QC PASS availability",FG-01..13 + direct QA/QC/archive regressions
QA,FG: effective current signed decision,WMS Shipment,effective current signed decision,Root locks/current reads; signed transaction,released available stock only; locks/atomic exact debit,FG-01..13 + direct QA/QC/archive regressions
WMS/QMS/Production/Release,FG: scoped source read ports,Trace,scoped source read ports,Root locks/current reads; signed transaction,permission filtered actual-source lineage,FG-01..13 + direct QA/QC/archive regressions
