Dimension,ID,Test Cases,Count
Requirement,WMS-REQ-001,TC-WMS-REQ-001,1
Requirement,WMS-REQ-002,TC-WMS-REQ-002,1
Requirement,WMS-REQ-003,TC-WMS-REQ-003,1
Requirement,WMS-REQ-004,TC-WMS-REQ-004,1
Requirement,WMS-ISS-REQUEST-001,TC-WMS-ISS-REQUEST-001,1
Requirement,WMS-INV-READ-001,TC-WMS-INV-READ-001,1
Requirement,WMS-INV-READ-002,TC-WMS-INV-READ-002,1
Requirement,WMS-RET-READ-001,TC-WMS-RET-READ-001,1
Requirement,WMS-RET-READ-002,TC-WMS-RET-READ-002,1
Requirement,UI-WMS-001,TC-UI-WMS-001,1
Requirement,UI-WMS-002,TC-UI-WMS-002,1
Requirement,WMS-FLOW-001,TC-WMS-FLOW-001,1
