Requirement ID,Title,Database,API,UI,Maintenance,Test,Status
WMS-REQ-001,request lifecycle and frozen snapshot,wms_material_request;wms_material_request_item;wms_material_issue;wms_material_issue_item,08_OPENAPI_WMS_CANDIDATE.json,10_UI_ROUTE_MATRIX_CANDIDATE.csv,WMS-REQUEST-READ-001,TC-WMS-REQ-001,REVIEW READY / NOT IMPLEMENTED
WMS-REQ-002,replay stale permission cancel state,wms_material_request;wms_material_request_item;wms_material_issue;wms_material_issue_item,08_OPENAPI_WMS_CANDIDATE.json,10_UI_ROUTE_MATRIX_CANDIDATE.csv,WMS-REQUEST-READ-001,TC-WMS-REQ-002,REVIEW READY / NOT IMPLEMENTED
WMS-REQ-003,partial full concurrent demand bounds,wms_material_request;wms_material_request_item;wms_material_issue;wms_material_issue_item,08_OPENAPI_WMS_CANDIDATE.json,10_UI_ROUTE_MATRIX_CANDIDATE.csv,WMS-REQUEST-READ-001,TC-WMS-REQ-003,REVIEW READY / NOT IMPLEMENTED
WMS-REQ-004,exact units and foreign/duplicate formula,wms_material_request;wms_material_request_item;wms_material_issue;wms_material_issue_item,08_OPENAPI_WMS_CANDIDATE.json,10_UI_ROUTE_MATRIX_CANDIDATE.csv,WMS-REQUEST-READ-001,TC-WMS-REQ-004,REVIEW READY / NOT IMPLEMENTED
WMS-ISS-REQUEST-001,legacy issue and linked identity compatibility,wms_material_request;wms_material_request_item;wms_material_issue;wms_material_issue_item,08_OPENAPI_WMS_CANDIDATE.json,10_UI_ROUTE_MATRIX_CANDIDATE.csv,WMS-REQUEST-READ-001,TC-WMS-ISS-REQUEST-001,REVIEW READY / NOT IMPLEMENTED
WMS-INV-READ-001,multi-location balances/reservation/charged quantities,wms_inventory_ledger;wms_reservation;md_material_lot,08_OPENAPI_WMS_CANDIDATE.json,10_UI_ROUTE_MATRIX_CANDIDATE.csv,WMS-REQUEST-READ-001,TC-WMS-INV-READ-001,REVIEW READY / NOT IMPLEMENTED
WMS-INV-READ-002,positive available quantity cannot bypass quality gates,wms_inventory_ledger;wms_reservation;md_material_lot,08_OPENAPI_WMS_CANDIDATE.json,10_UI_ROUTE_MATRIX_CANDIDATE.csv,WMS-REQUEST-READ-001,TC-WMS-INV-READ-002,REVIEW READY / NOT IMPLEMENTED
WMS-RET-READ-001,scoped return history and original unit lineage,wms_issue_return_item;wms_material_issue_item,08_OPENAPI_WMS_CANDIDATE.json,10_UI_ROUTE_MATRIX_CANDIDATE.csv,WMS-REQUEST-READ-001,TC-WMS-RET-READ-001,REVIEW READY / NOT IMPLEMENTED
WMS-RET-READ-002,existing return bounds and request no reopen,wms_issue_return_item;wms_material_issue_item,08_OPENAPI_WMS_CANDIDATE.json,10_UI_ROUTE_MATRIX_CANDIDATE.csv,WMS-REQUEST-READ-001,TC-WMS-RET-READ-002,REVIEW READY / NOT IMPLEMENTED
UI-WMS-001,five menus templates pickers lot link payload,existing WMS + new MaterialRequest,08_OPENAPI_WMS_CANDIDATE.json,10_UI_ROUTE_MATRIX_CANDIDATE.csv,WMS-REQUEST-READ-001,TC-UI-WMS-001,REVIEW READY / NOT IMPLEMENTED
UI-WMS-002,return execution history permission no fake states,existing WMS + new MaterialRequest,08_OPENAPI_WMS_CANDIDATE.json,10_UI_ROUTE_MATRIX_CANDIDATE.csv,WMS-REQUEST-READ-001,TC-UI-WMS-002,REVIEW READY / NOT IMPLEMENTED
WMS-FLOW-001,receiving quality reservation request issue charge bounded return,existing WMS + new MaterialRequest,08_OPENAPI_WMS_CANDIDATE.json,10_UI_ROUTE_MATRIX_CANDIDATE.csv,WMS-REQUEST-READ-001,TC-WMS-FLOW-001,REVIEW READY / NOT IMPLEMENTED
