Permission,Owner,SeedAssignment,IndependentActorRule
balance:approve,MES-012,Existing SYSTEM_ADMIN and existing explicitly matching business roles; absent role requires IAM assignment,Required on approve/review/decide/verify/release
balance:investigate,MES-012,Existing SYSTEM_ADMIN and existing explicitly matching business roles; absent role requires IAM assignment,Required on approve/review/decide/verify/release
balance:view,MES-012,Existing SYSTEM_ADMIN and existing explicitly matching business roles; absent role requires IAM assignment,Required on approve/review/decide/verify/release
ebr:form:view,MES-013,Existing SYSTEM_ADMIN and existing explicitly matching business roles; absent role requires IAM assignment,Required on approve/review/decide/verify/release
ebr:pdf:generate,MES-013,Existing SYSTEM_ADMIN and existing explicitly matching business roles; absent role requires IAM assignment,Required on approve/review/decide/verify/release
mes:quantity:record,MES-012,Existing SYSTEM_ADMIN and existing explicitly matching business roles; absent role requires IAM assignment,Required on approve/review/decide/verify/release
mes:quantity:reverse,MES-012,Existing SYSTEM_ADMIN and existing explicitly matching business roles; absent role requires IAM assignment,Required on approve/review/decide/verify/release
qa:batch-review,MES-013,Existing SYSTEM_ADMIN and existing explicitly matching business roles; absent role requires IAM assignment,Required on approve/review/decide/verify/release
qa:release,MES-013,Existing SYSTEM_ADMIN and existing explicitly matching business roles; absent role requires IAM assignment,Required on approve/review/decide/verify/release
qms:capa:create,MES-012,Existing SYSTEM_ADMIN and existing explicitly matching business roles; absent role requires IAM assignment,Required on approve/review/decide/verify/release
qms:capa:update,MES-012,Existing SYSTEM_ADMIN and existing explicitly matching business roles; absent role requires IAM assignment,Required on approve/review/decide/verify/release
qms:capa:verify,MES-012,Existing SYSTEM_ADMIN and existing explicitly matching business roles; absent role requires IAM assignment,Required on approve/review/decide/verify/release
qms:capa:view,MES-012,Existing SYSTEM_ADMIN and existing explicitly matching business roles; absent role requires IAM assignment,Required on approve/review/decide/verify/release
qms:deviation:close,MES-012,Existing SYSTEM_ADMIN and existing explicitly matching business roles; absent role requires IAM assignment,Required on approve/review/decide/verify/release
qms:deviation:create,MES-012,Existing SYSTEM_ADMIN and existing explicitly matching business roles; absent role requires IAM assignment,Required on approve/review/decide/verify/release
qms:deviation:decide,MES-012,Existing SYSTEM_ADMIN and existing explicitly matching business roles; absent role requires IAM assignment,Required on approve/review/decide/verify/release
qms:deviation:investigate,MES-012,Existing SYSTEM_ADMIN and existing explicitly matching business roles; absent role requires IAM assignment,Required on approve/review/decide/verify/release
qms:deviation:update,MES-012,Existing SYSTEM_ADMIN and existing explicitly matching business roles; absent role requires IAM assignment,Required on approve/review/decide/verify/release
qms:deviation:view,MES-012,Existing SYSTEM_ADMIN and existing explicitly matching business roles; absent role requires IAM assignment,Required on approve/review/decide/verify/release
qms:plan:approve,MES-012,Existing SYSTEM_ADMIN and existing explicitly matching business roles; absent role requires IAM assignment,Required on approve/review/decide/verify/release
qms:plan:create,MES-012,Existing SYSTEM_ADMIN and existing explicitly matching business roles; absent role requires IAM assignment,Required on approve/review/decide/verify/release
qms:plan:update,MES-012,Existing SYSTEM_ADMIN and existing explicitly matching business roles; absent role requires IAM assignment,Required on approve/review/decide/verify/release
qms:plan:view,MES-012,Existing SYSTEM_ADMIN and existing explicitly matching business roles; absent role requires IAM assignment,Required on approve/review/decide/verify/release
qms:sample:create,MES-012,Existing SYSTEM_ADMIN and existing explicitly matching business roles; absent role requires IAM assignment,Required on approve/review/decide/verify/release
qms:sample:receive,MES-012,Existing SYSTEM_ADMIN and existing explicitly matching business roles; absent role requires IAM assignment,Required on approve/review/decide/verify/release
qms:sample:view,MES-012,Existing SYSTEM_ADMIN and existing explicitly matching business roles; absent role requires IAM assignment,Required on approve/review/decide/verify/release
qms:test:record,MES-012,Existing SYSTEM_ADMIN and existing explicitly matching business roles; absent role requires IAM assignment,Required on approve/review/decide/verify/release
qms:test:retest,MES-012,Existing SYSTEM_ADMIN and existing explicitly matching business roles; absent role requires IAM assignment,Required on approve/review/decide/verify/release
qms:test:review,MES-012,Existing SYSTEM_ADMIN and existing explicitly matching business roles; absent role requires IAM assignment,Required on approve/review/decide/verify/release
qms:test:view,MES-012,Existing SYSTEM_ADMIN and existing explicitly matching business roles; absent role requires IAM assignment,Required on approve/review/decide/verify/release
