"Suite","Tests","Failures","Errors","Skipped","Seconds","ReportWritten"
"com.hospital.mes.audit.api.SignatureApiContractTest","2","0","0","0","0.193","2026-10-06T15:40:15.9402652+08:00"
"com.hospital.mes.audit.attachment.AttachmentRulesTest","4","0","0","0","0.044","2026-10-06T15:40:15.9871143+08:00"
"com.hospital.mes.audit.attachment.GeneratedAttachmentAccessTest","2","0","0","0","2.376","2026-10-06T15:40:18.3785245+08:00"
"com.hospital.mes.audit.domain.AuditContractTest","3","0","0","0","0.047","2026-10-06T15:40:18.4254011+08:00"
"com.hospital.mes.audit.idempotency.PlatformIdempotencyServiceTest","2","0","0","0","0.019","2026-10-06T15:40:18.4498174+08:00"
"com.hospital.mes.audit.signature.SignatureCanonicalizerTest","3","0","0","0","0.053","2026-10-06T15:40:18.5048146+08:00"
"com.hospital.mes.audit.signature.SignatureTransactionServiceTest","8","0","0","0","0.243","2026-10-06T15:40:18.7497187+08:00"
"com.hospital.mes.architecture.ModuleBoundaryTest","2","0","0","0","0.119","2026-10-06T15:40:53.1141736+08:00"
"com.hospital.mes.ebr.integration.EbrRuntimeArchiveIT","1","0","0","0","16.533","2026-10-05T12:11:29.3460483+08:00"
"com.hospital.mes.foundation.api.FoundationControllerTest","3","0","0","0","10.251","2026-10-06T15:41:03.3816810+08:00"
"com.hospital.mes.iam.integration.Mes002MigrationContractTest","2","0","0","0","0.021","2026-10-06T15:41:03.4062650+08:00"
"com.hospital.mes.iam.integration.MigrationAccountSeedPolicyTest","2","0","0","0","0.081","2026-10-06T15:41:03.4867447+08:00"
"com.hospital.mes.incoming.IncomingClosureIT","1","0","0","0","13.988","2026-10-05T11:28:05.4186359+08:00"
"com.hospital.mes.MesApplicationTest","1","0","0","0","1.787","2026-10-06T15:41:05.2822957+08:00"
"com.hospital.mes.platform.migration.Mes001MigrationContractTest","3","0","0","0","0.025","2026-10-06T15:41:05.3042938+08:00"
"com.hospital.mes.platform.validation.EnterpriseValidationPropertiesTest","2","0","0","0","0.011","2026-10-06T15:41:05.3142934+08:00"
"com.hospital.mes.production.DevelopmentHistoryReadIT","1","0","0","0","2.943","2026-10-05T11:28:08.3559416+08:00"
"com.hospital.mes.production.EbrArchiveIT","1","0","0","0","19.536","2026-10-05T12:17:30.7147460+08:00"
"com.hospital.mes.production.FinishedArchiveSchemaIT","2","0","0","0","11.097","2026-10-05T11:42:16.6837453+08:00"
"com.hospital.mes.production.FinishedReleaseIT","2","0","0","0","22.504","2026-10-05T12:19:45.1822338+08:00"
"com.hospital.mes.production.FrozenSchemaAssertionsTest","1","0","0","0","0.221","2026-10-06T15:41:05.5366391+08:00"
"com.hospital.mes.production.FunctionalClosureIT","1","0","0","0","4.738","2026-10-05T11:28:13.0981877+08:00"
"com.hospital.mes.production.IncomingProductionIT","1","0","0","0","13.576","2026-10-05T11:17:58.4947219+08:00"
"com.hospital.mes.production.MaterialBalanceIT","1","0","0","0","16.335","2026-10-05T11:36:05.3260568+08:00"
"com.hospital.mes.production.ProductionQualityIT","1","0","0","0","15.675","2026-10-05T11:33:44.7479538+08:00"
"com.hospital.mes.production.ProductionQualityPlanIT","1","0","0","0","15.759","2026-10-05T10:45:08.3538261+08:00"
"com.hospital.mes.production.ProductionQualitySchemaIT","2","0","0","0","9.719","2026-10-05T10:29:26.9778426+08:00"
"com.hospital.mes.production.ProductionQuantityIT","1","0","0","0","14.608","2026-10-05T11:18:56.2503074+08:00"
"com.hospital.mes.common.api.ApiErrorTest","1","0","0","0","0.1","2026-10-06T15:40:12.8313082+08:00"
"com.hospital.mes.common.api.ApiResponseTest","2","0","0","0","0.039","2026-10-06T15:40:12.8654703+08:00"
"com.hospital.mes.common.web.GlobalExceptionHandlerTest","3","0","0","0","0.043","2026-10-06T15:40:12.9012053+08:00"
"com.hospital.mes.common.web.TraceIdFilterTest","2","0","0","0","0.18","2026-10-06T15:40:13.0850162+08:00"
"com.hospital.mes.ebr.domain.EbrDefinitionRulesTest","5","0","0","0","0.466","2026-10-06T15:40:35.1036890+08:00"
"com.hospital.mes.ebr.domain.EbrDslTest","6","0","0","0","0.073","2026-10-06T15:40:35.1581159+08:00"
"com.hospital.mes.ebr.domain.EbrEngineTest","3","0","0","0","0.118","2026-10-06T15:40:35.3249603+08:00"
"com.hospital.mes.ebr.domain.EbrRuntimeBoundaryTest","5","0","0","0","1.915","2026-10-06T15:40:37.2752814+08:00"
"com.hospital.mes.ebr.domain.EbrRuntimeRulesTest","5","0","0","0","0.042","2026-10-06T15:40:37.3078029+08:00"
"com.hospital.mes.equipment.domain.EquipmentRulesTest","3","0","0","0","0.104","2026-10-06T15:40:40.2644642+08:00"
"com.hospital.mes.execution.domain.ExecutionRulesTest","2","0","0","0","0.068","2026-10-06T15:40:41.2800405+08:00"
"com.hospital.mes.integration.api.IntegrationApiContractTest","3","0","0","0","0.149","2026-10-06T15:40:46.9292763+08:00"
"com.hospital.mes.integration.application.IntegrationClaimServiceTest","2","0","0","0","1.456","2026-10-06T15:40:48.3934093+08:00"
"com.hospital.mes.integration.application.IntegrationDispatchServiceTest","2","0","0","0","0.287","2026-10-06T15:40:48.6861137+08:00"
"com.hospital.mes.integration.application.IntegrationRetryApplicationServiceTest","1","0","0","0","0.283","2026-10-06T15:40:48.9788804+08:00"
"com.hospital.mes.integration.domain.IntegrationStateMachineTest","4","0","0","0","0.042","2026-10-06T15:40:49.0256214+08:00"
"com.hospital.mes.integration.storage.ObjectStorageConfigurationTest","1","0","0","0","0.431","2026-10-06T15:40:49.4565323+08:00"
"com.hospital.mes.masterdata.domain.MasterRulesTest","5","0","0","0","0.153","2026-10-06T15:40:19.8288620+08:00"
"com.hospital.mes.masterdata.domain.MaterialSupplierRulesTest","5","0","0","0","0.047","2026-10-06T15:40:19.8770051+08:00"
"com.hospital.mes.process.domain.ProcessRulesTest","5","0","0","0","0.101","2026-10-06T15:40:23.6428850+08:00"
"com.hospital.mes.production.domain.ProductionMaterialPolicyTest","3","0","0","0","0.677","2026-10-06T15:40:39.1510216+08:00"
"com.hospital.mes.production.domain.ProductionRulesTest","3","0","0","0","0.025","2026-10-06T15:40:39.1893975+08:00"
"com.hospital.mes.production.domain.ProductionViewsTest","3","0","0","0","0.131","2026-10-06T15:40:39.3120335+08:00"
"com.hospital.mes.qc.application.QcSpecificationEvidenceTest","5","0","0","0","1.754","2026-10-06T15:40:22.5504878+08:00"
"com.hospital.mes.qc.domain.QcSpecificationRulesTest","6","0","0","0","0.137","2026-10-06T15:40:22.6922119+08:00"
"com.hospital.mes.qms.application.IncomingEvidenceTest","1","0","0","0","0.318","2026-10-06T15:40:42.6126607+08:00"
"com.hospital.mes.qms.application.IpcGateTest","2","0","0","0","1.542","2026-10-06T15:40:44.1598586+08:00"
"com.hospital.mes.qms.domain.BalanceFormulaTest","10","0","0","0","0.067","2026-10-06T15:40:44.2310465+08:00"
"com.hospital.mes.qms.domain.IncomingActionPolicyTest","2","0","0","0","0.02","2026-10-06T15:40:44.2547161+08:00"
"com.hospital.mes.qms.domain.IncomingRecordStatesTest","6","0","0","0","0.045","2026-10-06T15:40:44.3057121+08:00"
"com.hospital.mes.qms.domain.IncomingRulesTest","4","0","0","0","0.013","2026-10-06T15:40:44.3219448+08:00"
"com.hospital.mes.qms.domain.IpcRulesTest","1","0","0","0","0.011","2026-10-06T15:40:44.3338088+08:00"
"com.hospital.mes.release.application.EbrPdfRendererTest","1","0","0","0","0.929","2026-10-06T15:40:51.3817291+08:00"
"com.hospital.mes.security.api.ReauthenticationErrorContractTest","1","0","0","0","0.192","2026-10-06T15:40:24.9748615+08:00"
"com.hospital.mes.security.context.SpringSecurityPlatformContextResolverTest","2","0","0","0","0.025","2026-10-06T15:40:25.0020140+08:00"
"com.hospital.mes.security.jwt.HmacAccessTokenCodecTest","3","0","0","0","0.117","2026-10-06T15:40:25.1207717+08:00"
"com.hospital.mes.security.password.PasswordServiceTest","5","0","0","0","4.728","2026-10-06T15:40:29.8617037+08:00"
"com.hospital.mes.security.password.TemporaryPasswordGeneratorTest","1","0","0","0","0.006","2026-10-06T15:40:29.8687049+08:00"
"com.hospital.mes.security.reauth.ReauthenticationContractTest","1","0","0","0","0.573","2026-10-06T15:40:30.4422987+08:00"
"com.hospital.mes.security.session.SessionSnapshotTest","2","0","0","0","0.027","2026-10-06T15:40:30.4755440+08:00"
"com.hospital.mes.system.api.IamRequestVersionTest","2","0","0","0","0.06","2026-10-06T15:40:31.6100298+08:00"
"com.hospital.mes.system.application.IamMutationExecutorTest","4","0","0","0","1.724","2026-10-06T15:40:33.3826348+08:00"
"com.hospital.mes.wms.domain.WmsRulesTest","6","0","0","0","0.141","2026-10-06T15:40:45.6949409+08:00"
