"Suite","Case","Status","Seconds","SkipReason"
"com.hospital.mes.audit.api.SignatureApiContractTest","ifMatchAcceptsOnlyQuotedNonNegativeVersions","PASS","0.134",""
"com.hospital.mes.audit.api.SignatureApiContractTest","unsupportedProviderContractsMapToUnprocessableEntity","PASS","0.013",""
"com.hospital.mes.audit.attachment.AttachmentRulesTest","contentDigestIsOfExactBytes","PASS","0.029",""
"com.hospital.mes.audit.attachment.AttachmentRulesTest","onlyNonemptyBoundedFilesAreAccepted","PASS","0.003",""
"com.hospital.mes.audit.attachment.AttachmentRulesTest","unknownMediaTypeDoesNotBecomeAResponseHeader","PASS","0.002",""
"com.hospital.mes.audit.attachment.AttachmentRulesTest","downloadNameCannotCarryPathsOrControlCharacters","PASS","0.002",""
"com.hospital.mes.audit.attachment.GeneratedAttachmentAccessTest","businessReadDoesNotGrantUnassociatedFileAccess","PASS","2.355",""
"com.hospital.mes.audit.attachment.GeneratedAttachmentAccessTest","generatedEvidenceRequiresItsBusinessPermissionAndCurrentOwner","PASS","0.009",""
"com.hospital.mes.audit.domain.AuditContractTest","appendRequiresAnExistingTransactionAndRepositoryIsAppendOnly","PASS","0.029",""
"com.hospital.mes.audit.domain.AuditContractTest","queryRequiresPairedObjectFilterAndBoundedPageSize","PASS","0.006",""
"com.hospital.mes.audit.domain.AuditContractTest","validatesRequiredEvidenceAndDigestFormat","PASS","0.004",""
"com.hospital.mes.audit.idempotency.PlatformIdempotencyServiceTest","grantsOneOwnerThenReportsInProgressForSameRequest","PASS","0.011",""
"com.hospital.mes.audit.idempotency.PlatformIdempotencyServiceTest","replaysCompletedResponseAndRejectsChangedRequest","PASS","0.003",""
"com.hospital.mes.audit.signature.SignatureCanonicalizerTest","providerRegistryIsClosedByTypeAndMeaning","PASS","0.005",""
"com.hospital.mes.audit.signature.SignatureCanonicalizerTest","canonicalizesPropertyOrderAndSortsDeduplicatesEvidence","PASS","0.039",""
"com.hospital.mes.audit.signature.SignatureCanonicalizerTest","rejectsBinaryFloatingPointInSignedRecord","PASS","0.003",""
"com.hospital.mes.audit.signature.SignatureTransactionServiceTest","createsServerDigestSignatureAuditAndIdempotencyCompletion","PASS","0.099",""
"com.hospital.mes.audit.signature.SignatureTransactionServiceTest","explicitResignAcceptsTheLatestInvalidatedPredecessor","PASS","0.047",""
"com.hospital.mes.audit.signature.SignatureTransactionServiceTest","invalidatesEveryCurrentSignatureForAnAffectedObject","PASS","0.038",""
"com.hospital.mes.audit.signature.SignatureTransactionServiceTest","explicitResignCannotSkipTheLatestInvalidatedPredecessor","PASS","0.005",""
"com.hospital.mes.audit.signature.SignatureTransactionServiceTest","evidenceListenerFailurePreventsSuccessfulCompletion","PASS","0.011",""
"com.hospital.mes.audit.signature.SignatureTransactionServiceTest","invalidatesSignatureAndAppendsAuditInTheSameServiceTransaction","PASS","0.007",""
"com.hospital.mes.audit.signature.SignatureTransactionServiceTest","notifiesExactStoredIdentitySynchronouslyBeforeCompletion","PASS","0.018",""
"com.hospital.mes.audit.signature.SignatureTransactionServiceTest","resignLinksTheImmediatelySupersededInvalidatedSignature","PASS","0.007",""
"com.hospital.mes.architecture.ModuleBoundaryTest","reactorHasExactModuleSetAndOnlyBootIsExecutable","PASS","0.075",""
"com.hospital.mes.architecture.ModuleBoundaryTest","cycleDetectorRejectsSyntheticCycle","PASS","0.003",""
"com.hospital.mes.ebr.integration.EbrRuntimeArchiveIT","originalFormSignatureAndInvalidatedReviewRemainInArchivedCorrectionHistory","PASS","3.638",""
"com.hospital.mes.foundation.api.FoundationControllerTest","unknownApiIsProtected","PASS","0.885",""
"com.hospital.mes.foundation.api.FoundationControllerTest","openApiDescribesFoundationEndpoint","PASS","0.855",""
"com.hospital.mes.foundation.api.FoundationControllerTest","foundationStatusIsPublicAndTraced","PASS","0.044",""
"com.hospital.mes.iam.integration.Mes002MigrationContractTest","preservesHistoryAndAllocatesV005Next","PASS","0.016",""
"com.hospital.mes.iam.integration.Mes002MigrationContractTest","v005IsAdditiveAndContainsOnlyMes002RbacContract","PASS","0.002",""
"com.hospital.mes.iam.integration.MigrationAccountSeedPolicyTest","permitsSchemaAndRoleAssignmentsWithoutSeedingAccounts","PASS","0.077",""
"com.hospital.mes.iam.integration.MigrationAccountSeedPolicyTest","rejectsAccountCreationAcrossMariaDbDmlForms","PASS","0.001",""
"com.hospital.mes.incoming.IncomingClosureIT","exhaustedRetestQuotaAndValidOriginalFailRemainBlockingAfterSignedClosure","PASS","1.565",""
"com.hospital.mes.MesApplicationTest","contextStarts(ApplicationContext)","PASS","0.021",""
"com.hospital.mes.platform.migration.Mes001MigrationContractTest","permissionMigrationSeedsOnlyFrozenCodes","PASS","0.003",""
"com.hospital.mes.platform.migration.Mes001MigrationContractTest","preservesHistoricalMigrationsAndAllocatesV003AndV004BeforeLaterTasks","PASS","0.008",""
"com.hospital.mes.platform.migration.Mes001MigrationContractTest","platformMigrationContainsExactlyFiveTablesAndAuditGuards","PASS","0.003",""
"com.hospital.mes.platform.validation.EnterpriseValidationPropertiesTest","rejectsMissingMalformedOrNonPositiveProductionValues","PASS","0.007",""
"com.hospital.mes.platform.validation.EnterpriseValidationPropertiesTest","acceptsSyntaxWithoutClaimingEnterpriseApproval","PASS","0.001",""
"com.hospital.mes.production.DevelopmentHistoryReadIT","reportsSuccessfulPhysicalVersionWithoutChangingHistory","PASS","0.016",""
"com.hospital.mes.production.EbrArchiveIT","delegatedHttpReadAllowsOnlyOwnedArchiveAndClosedCommands","PASS","5.472",""
"com.hospital.mes.production.FinishedArchiveSchemaIT","manifestHasScopedImmutableFileAndDecisionReferences","PASS","0.761",""
"com.hospital.mes.production.FinishedArchiveSchemaIT","finishedScopeIsCompatibleWithTheApprovedTargetConstraint","PASS","0.01",""
"com.hospital.mes.production.FinishedReleaseIT","actualLateOriginalFailOpensOosAndBlocksFinalQaWithoutOverwritingOriginal","PASS","6.012",""
"com.hospital.mes.production.FinishedReleaseIT","pairedInventoryMovementIsNotConsumptionButPhysicalRemovalBlocksRetroactiveRejection","PASS","2.944",""
"com.hospital.mes.production.FrozenSchemaAssertionsTest","frozenNullableUnionAllowsExistingNullAndRejectsWrongNonNullTypes","PASS","0.22",""
"com.hospital.mes.production.FunctionalClosureIT","pendingIpcBlocksCompletionThenOriginalFailRequiresSignedInvalidationAndNewResult","PASS","2.131",""
"com.hospital.mes.production.IncomingProductionIT","actualFormCompletionDrivesProductionCompleteButCannotFabricateQa","PASS","3.023",""
"com.hospital.mes.production.MaterialBalanceIT","productionCompletionUsesActualBalanceGateAndPreservesParentOnFailure","PASS","3.439",""
"com.hospital.mes.production.ProductionQualityIT","legalSignedCorrectionsPreserveAllRevisionsAndCorrectedFailOpensActualOos","PASS","2.606",""
"com.hospital.mes.production.ProductionQualityPlanIT","signedIndependentApprovalFreezesActualPlanInDispatchSnapshot","PASS","1.899",""
"com.hospital.mes.production.ProductionQualitySchemaIT","productionQualityKeepsImmutableFactsAndDisjointResultOwnership","PASS","0.793",""
"com.hospital.mes.production.ProductionQualitySchemaIT","additiveScopeConstraintsDoNotInvalidateHistoricalFacts","PASS","0.007",""
"com.hospital.mes.production.ProductionQuantityIT","auditFailureRollsBackOutputAndRootThenReplayCreatesOneFact","PASS","2.472",""
"com.hospital.mes.common.api.ApiErrorTest","defensivelyCopiesErrorCollections","PASS","0.043",""
"com.hospital.mes.common.api.ApiResponseTest","successUsesStableEnvelope","PASS","0.027",""
"com.hospital.mes.common.api.ApiResponseTest","pageCopiesRecords","PASS","0.004",""
"com.hospital.mes.common.web.GlobalExceptionHandlerTest","mapsConflictToFrozenApiError","PASS","0.025",""
"com.hospital.mes.common.web.GlobalExceptionHandlerTest","hidesUnexpectedMessage","PASS","0.003",""
"com.hospital.mes.common.web.GlobalExceptionHandlerTest","mapsMalformedRequestArgumentsToBadRequest","PASS","0.001",""
"com.hospital.mes.common.web.TraceIdFilterTest","replacesUnsafeTraceId","PASS","0.096",""
"com.hospital.mes.common.web.TraceIdFilterTest","preservesSafeTraceIdAndClearsMdc","PASS","0.003",""
"com.hospital.mes.ebr.domain.EbrDefinitionRulesTest","immutableLifecycleAndEmptyPublicationAreBlocked","PASS","0.11",""
"com.hospital.mes.ebr.domain.EbrDefinitionRulesTest","fieldTypeCatalogAndUnknownPropertiesAreClosed","PASS","0.106",""
"com.hospital.mes.ebr.domain.EbrDefinitionRulesTest","duplicateCalculationTargetsCannotSilentlyOverwrite","PASS","0.023",""
"com.hospital.mes.ebr.domain.EbrDefinitionRulesTest","tcEbr001DuplicateStableFieldIdHasConcretePath","PASS","0.017",""
"com.hospital.mes.ebr.domain.EbrDefinitionRulesTest","missingReferenceAndInvalidExpressionAreReported","PASS","0.031",""
"com.hospital.mes.ebr.domain.EbrDslTest","referencesRolesStatusesAndTimeUseExplicitContext","PASS","0.036",""
"com.hospital.mes.ebr.domain.EbrDslTest","parserLimitsNestingAndLength","PASS","0.004",""
"com.hospital.mes.ebr.domain.EbrDslTest","missingReferencesDivisionByZeroAndInvalidArityFailClosed","PASS","0.006",""
"com.hospital.mes.ebr.domain.EbrDslTest","booleanOperatorsShortCircuitUnavailableValue","PASS","0.003",""
"com.hospital.mes.ebr.domain.EbrDslTest","decimalCalculationAndComparisonAreDeterministic","PASS","0.005",""
"com.hospital.mes.ebr.domain.EbrDslTest","tcEbr002RejectsExecutableInputAndUnknownFunctions","PASS","0.004",""
"com.hospital.mes.ebr.domain.EbrEngineTest","blockAndWarnProduceDifferentAllowedActionsWithEvidence","PASS","0.048",""
"com.hospital.mes.ebr.domain.EbrEngineTest","requiredFieldsAndMalformedInputFailClosed","PASS","0.004",""
"com.hospital.mes.ebr.domain.EbrEngineTest","calculationDependencyOrderAndConditionalVisibilityRemainDeterministic","PASS","0.058",""
"com.hospital.mes.ebr.domain.EbrRuntimeBoundaryTest","runtimeEvaluationExposesExactDeterministicDefaults","PASS","0.011",""
"com.hospital.mes.ebr.domain.EbrRuntimeBoundaryTest","roleEvidenceCannotSatisfyDifferentFrozenSequence","PASS","1.213",""
"com.hospital.mes.ebr.domain.EbrRuntimeBoundaryTest","blockedSubmitCommitsWorkerBeforeFacadeRaisesError","PASS","0.63",""
"com.hospital.mes.ebr.domain.EbrRuntimeBoundaryTest","evenPermissiveMapperRejectsSourceSpoofing","PASS","0.016",""
"com.hospital.mes.ebr.domain.EbrRuntimeBoundaryTest","requestSerializationNeverRetainsReauthentication","PASS","0.024",""
"com.hospital.mes.ebr.domain.EbrRuntimeRulesTest","exactNumericInputAndPrecision","PASS","0.007",""
"com.hospital.mes.ebr.domain.EbrRuntimeRulesTest","sourceAndReadonlyFieldsCannotBeSpoofed","PASS","0.006",""
"com.hospital.mes.ebr.domain.EbrRuntimeRulesTest","noSilentRuntimeBindingOrJumpedState","PASS","0.005",""
"com.hospital.mes.ebr.domain.EbrRuntimeRulesTest","requiredPresenceRejectsEmptySelectionsButKeepsFalseAndZero","PASS","0.005",""
"com.hospital.mes.ebr.domain.EbrRuntimeRulesTest","explicitMissingValuesAndDatesAreValidated","PASS","0.006",""
"com.hospital.mes.equipment.domain.EquipmentRulesTest","inactiveAndMaintenanceEquipmentAreBlocked","PASS","0.067",""
"com.hospital.mes.equipment.domain.EquipmentRulesTest","namedMaintenanceCommandsRejectIllegalTransitions","PASS","0.005",""
"com.hospital.mes.equipment.domain.EquipmentRulesTest","tcEqp001RejectsExpiredCalibrationAndProvidesRequiredAction","PASS","0.008",""
"com.hospital.mes.execution.domain.ExecutionRulesTest","verifierIsIndependent","PASS","0.033",""
"com.hospital.mes.execution.domain.ExecutionRulesTest","namedTransitionsRejectIllegalCommands","PASS","0.004",""
"com.hospital.mes.integration.api.IntegrationApiContractTest","messageReferenceIsStrictlyDirectionAndPositiveDatabaseId","PASS","0.093",""
"com.hospital.mes.integration.api.IntegrationApiContractTest","responseIsConcreteAndNeverExposesPayload","PASS","0.015",""
"com.hospital.mes.integration.api.IntegrationApiContractTest","ifMatchAcceptsOnlyQuotedNonNegativeVersions","PASS","0.009",""
"com.hospital.mes.integration.application.IntegrationClaimServiceTest","eighthFailureAppendsDeadLetterAuditWithTheTechnicalActor","PASS","1.441",""
"com.hospital.mes.integration.application.IntegrationClaimServiceTest","recoversAnAbandonedClaimThroughTheControlledPolicy","PASS","0.004",""
"com.hospital.mes.integration.application.IntegrationDispatchServiceTest","recordsAControlledFailureWithoutPersistingExceptionText","PASS","0.143",""
"com.hospital.mes.integration.application.IntegrationDispatchServiceTest","performsNetworkWorkAfterClaimAndCompletesInASeparateCommand","PASS","0.138",""
"com.hospital.mes.integration.application.IntegrationRetryApplicationServiceTest","mapsAnIneligibleRetryStateToTheFrozenUnprocessableContract","PASS","0.279",""
"com.hospital.mes.integration.domain.IntegrationStateMachineTest","freezesCentralRetryScheduleAndEighthFailure","PASS","0.016",""
"com.hospital.mes.integration.domain.IntegrationStateMachineTest","inboxUsesExplicitTransitionsAndManualRetryNeverResetsEvidence","PASS","0.003",""
"com.hospital.mes.integration.domain.IntegrationStateMachineTest","outboxKeepsStableMessageIdAcrossClaimsAndRetries","PASS","0.004",""
"com.hospital.mes.integration.domain.IntegrationStateMachineTest","staleClaimsRecoverOnlyAtTheControlledFifteenMinuteThreshold","PASS","0.007",""
"com.hospital.mes.integration.storage.ObjectStorageConfigurationTest","createsClientForValidSettings","PASS","0.428",""
"com.hospital.mes.masterdata.domain.MasterRulesTest","tcQual001ChecksInclusiveUtcExecutionDateAndStatus","PASS","0.097",""
"com.hospital.mes.masterdata.domain.MasterRulesTest","rejectsNonpositiveOverflowFactorsAndInvalidPrecision","PASS","0.004",""
"com.hospital.mes.masterdata.domain.MasterRulesTest","tcMd001RejectsDimensionMismatchWithoutMaterialSpecificConversion","PASS","0.002",""
"com.hospital.mes.masterdata.domain.MasterRulesTest","tcMd002EnforcesCompleteHierarchy","PASS","0.002",""
"com.hospital.mes.masterdata.domain.MasterRulesTest","conversionPreservesOriginalFactorAndUsesHalfEven","PASS","0.007",""
"com.hospital.mes.masterdata.domain.MaterialSupplierRulesTest","directlyUsableActiveAndLegacyStates","PASS","0.005",""
"com.hospital.mes.masterdata.domain.MaterialSupplierRulesTest","inactiveAndEffectiveGate","PASS","0.006",""
"com.hospital.mes.masterdata.domain.MaterialSupplierRulesTest","unqualifiedDisabledAndRevokedRejected","PASS","0.005",""
"com.hospital.mes.masterdata.domain.MaterialSupplierRulesTest","utcDatesAndRequiredFlags","PASS","0.015",""
"com.hospital.mes.masterdata.domain.MaterialSupplierRulesTest","supplierInclusiveUtcExpiry","PASS","0.004",""
"com.hospital.mes.process.domain.ProcessRulesTest","tcProc001And004OnlyDraftIsMutable","PASS","0.056",""
"com.hospital.mes.process.domain.ProcessRulesTest","completionRulesRejectExecutableExpressions","PASS","0.008",""
"com.hospital.mes.process.domain.ProcessRulesTest","tcProc002RejectCyclesAndMissingReferences","PASS","0.002",""
"com.hospital.mes.process.domain.ProcessRulesTest","parameterLimitsModesAndDecimalPrecision","PASS","0.003",""
"com.hospital.mes.process.domain.ProcessRulesTest","bomRejectsDuplicateLinesNegativeQuantities","PASS","0.003",""
"com.hospital.mes.production.domain.ProductionMaterialPolicyTest","negativeAndUnspecifiedRequiredNeverBecomePermissive","PASS","0.457",""
"com.hospital.mes.production.domain.ProductionMaterialPolicyTest","missingPolicyAndCrossOrganizationFailClosed","PASS","0.007",""
"com.hospital.mes.production.domain.ProductionMaterialPolicyTest","frozenPolicyValidatesDigestAndNeverReReadsConfiguration","PASS","0.045",""
"com.hospital.mes.production.domain.ProductionRulesTest","childAllocationCannotExceedOrder","PASS","0.01",""
"com.hospital.mes.production.domain.ProductionRulesTest","onlyDraftCanBeEdited","PASS","0.004",""
"com.hospital.mes.production.domain.ProductionRulesTest","weighingToleranceUsesExactDecimalAndInclusiveBoundary","PASS","0.003",""
"com.hospital.mes.production.domain.ProductionViewsTest","closedReadProjectionExcludesPersistenceScopeAndIncludesActions","PASS","0.111",""
"com.hospital.mes.production.domain.ProductionViewsTest","processSnapshotHasOnlyFrozenReadProperties","PASS","0.014",""
"com.hospital.mes.production.domain.ProductionViewsTest","apiEvidenceProjectionRetainsInternalAndSignedCanonicalIdentity","PASS","0.001",""
"com.hospital.mes.qc.application.QcSpecificationEvidenceTest","contentAndSignatureBindingFailClosed","PASS","1.648",""
"com.hospital.mes.qc.application.QcSpecificationEvidenceTest","retirementKeepsApprovalDigestAndHistoricalSnapshotStable","PASS","0.045",""
"com.hospital.mes.qc.application.QcSpecificationEvidenceTest","genericSignCannotBypassCommandAndSnapshotsAreImmutable","PASS","0.009",""
"com.hospital.mes.qc.application.QcSpecificationEvidenceTest","creatorAndEarlierOverwrittenAuthorCannotApprove","PASS","0.01",""
"com.hospital.mes.qc.application.QcSpecificationEvidenceTest","authorRowsRejectEvenWhenPaginationTotalIsUnavailable","PASS","0.01",""
"com.hospital.mes.qc.domain.QcSpecificationRulesTest","oneSidedBoundsHaveInclusiveEndpointAndMissingValuesNeverPass","PASS","0.004",""
"com.hospital.mes.qc.domain.QcSpecificationRulesTest","unknownAndReadOnlyFieldsAreRejectedWithPermissiveGlobalMapper","PASS","0.112",""
"com.hospital.mes.qc.domain.QcSpecificationRulesTest","onlyNamedForwardTransitions","PASS","0.001",""
"com.hospital.mes.qc.domain.QcSpecificationRulesTest","strictLockAndRedactedToken","PASS","0.003",""
"com.hospital.mes.qc.domain.QcSpecificationRulesTest","numericBoundsAreInclusiveAndMissingValueNeverPasses","PASS","0.002",""
"com.hospital.mes.qc.domain.QcSpecificationRulesTest","shapePrecisionAndDuplicateCodesFailClosed","PASS","0.006",""
"com.hospital.mes.qms.application.IncomingEvidenceTest","lotQuantityRetainsExactDecimalStringAcrossSignaturePersistence","PASS","0.295",""
"com.hospital.mes.qms.application.IpcGateTest","optionalOriginalFailBlocksEvenWhenAllRequiredDefinitionsAreAbsent","PASS","1.534",""
"com.hospital.mes.qms.application.IpcGateTest","pendingRequiredInstanceCannotBeBypassedByAnEmptyCompletionRule","PASS","0.004",""
"com.hospital.mes.qms.domain.BalanceFormulaTest","zeroDivisorAndNonpositiveExpectedFailClosed","PASS","0.018",""
"com.hospital.mes.qms.domain.BalanceFormulaTest","scalarMultiplicationAndDimensionlessDivisionWork","PASS","0.004",""
"com.hospital.mes.qms.domain.BalanceFormulaTest","yieldUsesFrozenMetricAndLimits","PASS","0.002",""
"com.hospital.mes.qms.domain.BalanceFormulaTest","dimensionalMismatchAndQuantityMultiplicationAreRejected","PASS","0.006",""
"com.hospital.mes.qms.domain.BalanceFormulaTest","boundsDepthNodesAndDecimalPrecision","PASS","0.006",""
"com.hospital.mes.qms.domain.BalanceFormulaTest","roundingMustNeverTurnAnExceededLimitIntoPass","PASS","0.004",""
"com.hospital.mes.qms.domain.BalanceFormulaTest","rejectsExecutableStringsUnknownFieldsAndDuplicateSources","PASS","0.003",""
"com.hospital.mes.qms.domain.BalanceFormulaTest","missingInputIsNotAssumedZero","PASS","0.002",""
"com.hospital.mes.qms.domain.BalanceFormulaTest","expectedThatRoundsToZeroIsRejectedBeforePersistence","PASS","0.003",""
"com.hospital.mes.qms.domain.BalanceFormulaTest","exactBoundaryIsInclusiveAndReversalsUseNetSourceAmounts","PASS","0.002",""
"com.hospital.mes.qms.domain.IncomingActionPolicyTest","completedAndUnknownStatesHaveNoMutationCandidates","PASS","0.013",""
"com.hospital.mes.qms.domain.IncomingActionPolicyTest","earlyRetentionIsRestrictedToRetentionSamples","PASS","0.003",""
"com.hospital.mes.qms.domain.IncomingRecordStatesTest","inspectionRequiresReviewAndNeitherOutcomeIsMaterialRelease","PASS","0.017",""
"com.hospital.mes.qms.domain.IncomingRecordStatesTest","requestMustBeSubmittedAndAcceptedBeforeWorkCanStart","PASS","0.004",""
"com.hospital.mes.qms.domain.IncomingRecordStatesTest","samplingCannotSkipAssignmentOrBeCompletedTwice","PASS","0.003",""
"com.hospital.mes.qms.domain.IncomingRecordStatesTest","sampleCollectionReceiptAndTestingRemainSeparateFromSamplingTask","PASS","0.003",""
"com.hospital.mes.qms.domain.IncomingRecordStatesTest","requestTypesMatchThePublishedDictionaryWithoutInventedSampleOrResultTypes","PASS","0.003",""
"com.hospital.mes.qms.domain.IncomingRecordStatesTest","reportRequiresReviewAndApprovedReportCannotBeReopened","PASS","0.003",""
"com.hospital.mes.qms.domain.IncomingRulesTest","originalValidFailBlocksEvenAfterPassingRetest","PASS","0.003",""
"com.hospital.mes.qms.domain.IncomingRulesTest","failCannotBeCorrectedToPassOrInvalid","PASS","0.003",""
"com.hospital.mes.qms.domain.IncomingRulesTest","numericBoundariesAreInclusiveAndMissingNeverPasses","PASS","0.001",""
"com.hospital.mes.qms.domain.IncomingRulesTest","numericPrecisionCannotBeSilentlyRounded","PASS","0.001",""
"com.hospital.mes.qms.domain.IpcRulesTest","frozenNumericBoundariesAndTextAreClassifiedWithoutClientConclusion","PASS","0.008",""
"com.hospital.mes.release.application.EbrPdfRendererTest","identicalSourceKeysInDifferentInsertionOrderGenerateIdenticalUnicodePdfBytes","PASS","0.908",""
"com.hospital.mes.security.api.ReauthenticationErrorContractTest","distinguishesCredentialFailureFromInvalidConsumedOrExpiredToken","PASS","0.153",""
"com.hospital.mes.security.context.SpringSecurityPlatformContextResolverTest","resolvesOrganizationOnlyFromAuthenticatedSessionPrincipal","PASS","0.015",""
"com.hospital.mes.security.context.SpringSecurityPlatformContextResolverTest","failsClosedWithoutAuthenticatedOrganizationContext","PASS","0.005",""
"com.hospital.mes.security.jwt.HmacAccessTokenCodecTest","missingOrWeakExternalKeyFailsConfiguration","PASS","0.006",""
"com.hospital.mes.security.jwt.HmacAccessTokenCodecTest","signedTokenCarriesOnlyIdentitySessionAndFifteenMinuteExpiry","PASS","0.096",""
"com.hospital.mes.security.jwt.HmacAccessTokenCodecTest","alteredExpiredAndUnknownKeyIdTokensAreRejected","PASS","0.008",""
"com.hospital.mes.security.password.PasswordServiceTest","acceptsFullLengthUnicodeAndExistingUnversionedHash","PASS","1.047",""
"com.hospital.mes.security.password.PasswordServiceTest","hashesUnicodeAndSpacesWithBcryptCostAtLeastTwelve","PASS","0.75",""
"com.hospital.mes.security.password.PasswordServiceTest","suffixBeyondBcryptByteBoundaryStillChangesCredential","PASS","1.004",""
"com.hospital.mes.security.password.PasswordServiceTest","deniedAccountsAndUnknownNamesHaveTheSamePublicResult","PASS","1.29",""
"com.hospital.mes.security.password.PasswordServiceTest","rejectsPasswordsOutsideTwelveToOneHundredTwentyEightCharacters","PASS","0.288",""
"com.hospital.mes.security.password.TemporaryPasswordGeneratorTest","generatesDistinctHighEntropyUrlSafeSecrets","PASS","0.003",""
"com.hospital.mes.security.reauth.ReauthenticationContractTest","tokenIsExactlyFiveMinutesSingleUseAndBoundToAllSevenValues","PASS","0.569",""
"com.hospital.mes.security.session.SessionSnapshotTest","eitherDeadlineExpiresTheSession","PASS","0.011",""
"com.hospital.mes.security.session.SessionSnapshotTest","activityExtendsIdleButNeverAbsoluteLifetime","PASS","0.008",""
"com.hospital.mes.system.api.IamRequestVersionTest","rejectsWeakUnquotedAndNegativeEntityTags","PASS","0.025",""
"com.hospital.mes.system.api.IamRequestVersionTest","acceptsQuotedStrongEntityTag","PASS","0.002",""
"com.hospital.mes.system.application.IamMutationExecutorTest","returnsSensitiveOwnerResponseButPersistsOnlySanitizedReplay","PASS","1.504",""
"com.hospital.mes.system.application.IamMutationExecutorTest","replaysStoredResponseWithoutExecutingWork","PASS","0.012",""
"com.hospital.mes.system.application.IamMutationExecutorTest","rejectsAnIdempotencyConflict","PASS","0.009",""
"com.hospital.mes.system.application.IamMutationExecutorTest","ownsAndCompletesTheMutation","PASS","0.011",""
"com.hospital.mes.wms.domain.WmsRulesTest","precisionIsNeverSilentlyRounded","PASS","0.083",""
"com.hospital.mes.wms.domain.WmsRulesTest","quarantineCanMoveButFrozenAndDueLotsCannot","PASS","0.004",""
"com.hospital.mes.wms.domain.WmsRulesTest","chronologicalDatesAreRequired","PASS","0.007",""
"com.hospital.mes.wms.domain.WmsRulesTest","receiptRequiresExplicitPassedChecks","PASS","0.002",""
"com.hospital.mes.wms.domain.WmsRulesTest","confirmedReceiptIsImmutableAndStaleCommandsConflict","PASS","0.004",""
"com.hospital.mes.wms.domain.WmsRulesTest","signedAdjustmentsCannotCreateNegativeStock","PASS","0.001",""
