"Suite","Tests","Failures","Errors","Skipped"
"com.hospital.mes.bootstrap.BootstrapAdminCommandIT","1","0","0","0"
"com.hospital.mes.ebr.integration.EbrIT","9","0","0","0"
"com.hospital.mes.ebr.integration.EbrRuntimeArchiveIT","14","0","0","0"
"com.hospital.mes.ebr.integration.EbrRuntimeIT","13","0","0","0"
"com.hospital.mes.foundation.integration.FoundationInfrastructureIT","3","0","0","0"
"com.hospital.mes.iam.integration.AdminAuthorizationIT","6","0","0","0"
"com.hospital.mes.iam.integration.AdminSessionSnapshotIT","1","0","0","0"
"com.hospital.mes.iam.integration.AssignmentAdministrationIT","7","0","0","0"
"com.hospital.mes.iam.integration.AuthDatabaseOutageIT","1","0","0","0"
"com.hospital.mes.iam.integration.AuthFilterIT","3","0","0","0"
"com.hospital.mes.iam.integration.AuthFlowIT","10","0","0","0"
"com.hospital.mes.iam.integration.AuthLocalCookieIT","1","0","0","0"
"com.hospital.mes.iam.integration.AuthPasswordRaceIT","1","0","0","0"
"com.hospital.mes.iam.integration.AuthRedisOutageIT","1","0","0","0"
"com.hospital.mes.iam.integration.AuthRevocationFailureIT","1","0","0","0"
"com.hospital.mes.iam.integration.FinalSystemPermissionIT","9","0","0","0"
"com.hospital.mes.iam.integration.IamSchemaIT","7","1","0","0"
"com.hospital.mes.iam.integration.IdentityDirectoryIT","5","0","0","0"
"com.hospital.mes.iam.integration.Mes002ContractIT","7","0","0","0"
"com.hospital.mes.iam.integration.RedisSessionIT","4","0","0","0"
"com.hospital.mes.iam.integration.RoleAdministrationIT","4","0","0","0"
"com.hospital.mes.iam.integration.UserAdministrationIT","9","0","0","0"
"com.hospital.mes.incoming.IncomingAllowedActionsIT","1","0","0","0"
"com.hospital.mes.incoming.IncomingClosureIT","9","0","0","0"
"com.hospital.mes.incoming.IncomingFinalContractIT","1","0","0","0"
"com.hospital.mes.incoming.IncomingQualityAcceptanceIT","3","0","0","0"
"com.hospital.mes.incoming.IncomingQualityIT","6","0","0","0"
"com.hospital.mes.master.integration.MasterResourcesIT","12","0","0","0"
"com.hospital.mes.master.integration.MaterialSupplierIT","14","0","0","0"
"com.hospital.mes.platform.integration.Mes001AuthorizationIT","2","0","0","0"
"com.hospital.mes.platform.integration.Mes001IntegrationMessageIT","2","0","0","0"
"com.hospital.mes.platform.integration.Mes001OpenApiIT","1","0","0","0"
"com.hospital.mes.platform.migration.Mes001SchemaIT","2","0","0","0"
"com.hospital.mes.process.integration.ProcessIT","10","0","0","0"
"com.hospital.mes.production.DevelopmentHistoryReadIT","1","0","0","0"
"com.hospital.mes.production.EbrArchiveIT","36","0","0","0"
"com.hospital.mes.production.FinishedArchiveSchemaIT","2","0","0","0"
"com.hospital.mes.production.FinishedReleaseIT","32","0","0","0"
"com.hospital.mes.production.FunctionalClosureConcurrencyIT","45","0","0","1"
"com.hospital.mes.production.FunctionalClosureIT","23","0","0","0"
"com.hospital.mes.production.IncomingProductionIT","12","0","0","0"
"com.hospital.mes.production.MaterialBalanceIT","22","0","0","0"
"com.hospital.mes.production.NativeConcurrencyIT","22","0","0","22"
"com.hospital.mes.production.ProductionQualityIT","24","0","0","0"
"com.hospital.mes.production.ProductionQualityPlanIT","14","0","0","0"
"com.hospital.mes.production.ProductionQualitySchemaIT","2","0","0","1"
"com.hospital.mes.production.ProductionQuantityIT","17","0","0","0"
"com.hospital.mes.production.QcProducerConcurrencyIT","39","0","0","1"
"com.hospital.mes.qc.integration.QcFinalContractIT","13","0","0","0"
"com.hospital.mes.qc.integration.QcSpecificationIT","6","0","0","0"
"com.hospital.mes.wms.integration.AttachmentIT","5","0","0","0"
"com.hospital.mes.wms.integration.WmsIT","11","0","0","0"
