"Project","File","Case","Status","Expected","Milliseconds","SkipReason"
"chromium-desktop","audit-high-existing.spec.ts","batch commands fail closed for undefined","passed","passed","6136",""
"chromium-desktop","audit-high-existing.spec.ts","batch commands fail closed for []","passed","passed","1414",""
"chromium-desktop","audit-high-existing.spec.ts","batch commands fail closed for ""RELEASE""","passed","passed","1406",""
"chromium-desktop","audit-high-existing.spec.ts","frozen orders query and navigation restore","passed","passed","1703",""
"chromium-desktop","audit-high-existing.spec.ts","frozen batches query and navigation restore","passed","passed","2022",""
"chromium-desktop","audit-high-existing.spec.ts","MaterialLot T4 read chain and valid eligibility guidance","passed","passed","1962",""
"chromium-desktop","audit-high-existing.spec.ts","implemented issue flow is no longer described as unavailable","passed","passed","855",""
"chromium-desktop","audit-high-existing.spec.ts","MaterialLot aggregation respects trace permission","passed","passed","825",""
"chromium-desktop","audit-high-existing.spec.ts","Production Batch T4 separates business context from frozen evidence","passed","passed","1868",""
"chromium-mobile","audit-high-existing.spec.ts","batch commands fail closed for undefined","passed","passed","1658",""
"chromium-mobile","audit-high-existing.spec.ts","batch commands fail closed for []","passed","passed","1465",""
"chromium-mobile","audit-high-existing.spec.ts","batch commands fail closed for ""RELEASE""","passed","passed","1567",""
"chromium-mobile","audit-high-existing.spec.ts","frozen orders query and navigation restore","passed","passed","2051",""
"chromium-mobile","audit-high-existing.spec.ts","frozen batches query and navigation restore","passed","passed","2111",""
"chromium-mobile","audit-high-existing.spec.ts","MaterialLot T4 read chain and valid eligibility guidance","passed","passed","1611",""
"chromium-mobile","audit-high-existing.spec.ts","implemented issue flow is no longer described as unavailable","passed","passed","1063",""
"chromium-mobile","audit-high-existing.spec.ts","MaterialLot aggregation respects trace permission","passed","passed","1122",""
"chromium-mobile","audit-high-existing.spec.ts","Production Batch T4 separates business context from frozen evidence","passed","passed","2473",""
"chromium-desktop","audit-incoming-actions.spec.ts","server actions govern quality/inspection-requests","passed","passed","6646",""
"chromium-desktop","audit-incoming-actions.spec.ts","server actions govern quality/sampling-tasks","passed","passed","1785",""
"chromium-desktop","audit-incoming-actions.spec.ts","server actions govern quality/samples","passed","passed","1821",""
"chromium-desktop","audit-incoming-actions.spec.ts","server actions govern quality/inspection-tasks","passed","passed","1809",""
"chromium-desktop","audit-incoming-actions.spec.ts","server actions govern quality/inspection-reports","passed","passed","1890",""
"chromium-desktop","audit-incoming-actions.spec.ts","server actions govern deviations","passed","passed","1701",""
"chromium-desktop","audit-incoming-actions.spec.ts","server actions govern qa/material-lots","passed","passed","1722",""
"chromium-desktop","audit-incoming-actions.spec.ts","nested test evidence uses server actions only","passed","passed","729",""
"chromium-mobile","audit-incoming-actions.spec.ts","server actions govern quality/inspection-requests","passed","passed","2304",""
"chromium-mobile","audit-incoming-actions.spec.ts","server actions govern quality/sampling-tasks","passed","passed","2342",""
"chromium-mobile","audit-incoming-actions.spec.ts","server actions govern quality/samples","passed","passed","2234",""
"chromium-mobile","audit-incoming-actions.spec.ts","server actions govern quality/inspection-tasks","passed","passed","2334",""
"chromium-mobile","audit-incoming-actions.spec.ts","server actions govern quality/inspection-reports","passed","passed","2266",""
"chromium-mobile","audit-incoming-actions.spec.ts","server actions govern deviations","passed","passed","2546",""
"chromium-mobile","audit-incoming-actions.spec.ts","server actions govern qa/material-lots","passed","passed","2286",""
"chromium-mobile","audit-incoming-actions.spec.ts","nested test evidence uses server actions only","passed","passed","1211",""
"chromium-desktop","audit-medium-current.spec.ts","MEDIUM-01 direct Edit uses permission server EDIT and DRAFT and preserves list context","passed","passed","2551",""
"chromium-desktop","audit-medium-current.spec.ts","MEDIUM-01 view-only identity has no list Edit and existing edit route guard holds","passed","passed","2515",""
"chromium-desktop","audit-medium-current.spec.ts","MEDIUM-02 business roots use product material keyword filters and exactly one root","passed","passed","2924",""
"chromium-desktop","audit-medium-current.spec.ts","MEDIUM-03 and 04 grouped desktop mobile menus share definitions and permission filtering","passed","passed","1806",""
"chromium-mobile","audit-medium-current.spec.ts","MEDIUM-01 direct Edit uses permission server EDIT and DRAFT and preserves list context","passed","passed","4630",""
"chromium-mobile","audit-medium-current.spec.ts","MEDIUM-01 view-only identity has no list Edit and existing edit route guard holds","passed","passed","4394",""
"chromium-mobile","audit-medium-current.spec.ts","MEDIUM-02 business roots use product material keyword filters and exactly one root","passed","passed","4581",""
"chromium-mobile","audit-medium-current.spec.ts","MEDIUM-03 and 04 grouped desktop mobile menus share definitions and permission filtering","passed","passed","3748",""
"chromium-desktop","batch-reference-visual.spec.ts","PC Production Batch T4 reference keeps factual progress and source navigation","passed","passed","3146",""
"chromium-mobile","batch-reference-visual.spec.ts","PC Production Batch T4 reference keeps factual progress and source navigation","skipped","skipped","184","本轮按PC参考图实施"
"chromium-desktop","ebr-runtime.spec.ts","runtime fields remain inline and 409 preserves exact input","passed","passed","1460",""
"chromium-desktop","ebr-runtime.spec.ts","blocked submission preserves operator reason and displayed content","passed","passed","952",""
"chromium-desktop","ebr-runtime.spec.ts","review reauthentication binds frozen rule identity and correction retains history","passed","passed","1964",""
"chromium-mobile","ebr-runtime.spec.ts","runtime fields remain inline and 409 preserves exact input","passed","passed","1740",""
"chromium-mobile","ebr-runtime.spec.ts","blocked submission preserves operator reason and displayed content","passed","passed","1581",""
"chromium-mobile","ebr-runtime.spec.ts","review reauthentication binds frozen rule identity and correction retains history","passed","passed","2533",""
"chromium-desktop","execution-workbench-visual.spec.ts","T5 operation navigation preserves command ownership and existing evidence","passed","passed","6531",""
"chromium-mobile","execution-workbench-visual.spec.ts","T5 operation navigation preserves command ownership and existing evidence","skipped","skipped","225","用户已批准 T5 PC-only；本例校验冻结的 PC 参考，不实施移动端 T5。"
"chromium-desktop","functional-closure.spec.ts","signed inventory restriction uses existing lot page and horizontal fields","passed","passed","1057",""
"chromium-desktop","functional-closure.spec.ts","execution workbench records frozen IPC with exact signature binding","passed","passed","1355",""
"chromium-mobile","functional-closure.spec.ts","signed inventory restriction uses existing lot page and horizontal fields","passed","passed","1857",""
"chromium-mobile","functional-closure.spec.ts","execution workbench records frozen IPC with exact signature binding","skipped","skipped","179","Approved T5 PC-only contract: design-qa.md, 2026-10-05; no mobile implementation."
"chromium-desktop","global-ui-v2-phase1.spec.ts","V2 shell and independent T1/T2 visual foundation","passed","passed","2445",""
"chromium-desktop","global-ui-v2-phase1.spec.ts","T6 remains a decision workbench; readable evidence and signed form","passed","passed","2605",""
"chromium-mobile","global-ui-v2-phase1.spec.ts","V2 shell and independent T1/T2 visual foundation","passed","passed","3378",""
"chromium-mobile","global-ui-v2-phase1.spec.ts","T6 remains a decision workbench; readable evidence and signed form","passed","passed","2962",""
"chromium-desktop","global-ui-v2-phase2a.spec.ts","Phase 2A T1 物料主数据","passed","passed","1459",""
"chromium-desktop","global-ui-v2-phase2a.spec.ts","Phase 2A T1 生产批","passed","passed","1726",""
"chromium-desktop","global-ui-v2-phase2a.spec.ts","Phase 2A T1 请验单","passed","passed","1625",""
"chromium-mobile","global-ui-v2-phase2a.spec.ts","Phase 2A T1 物料主数据","passed","passed","2501",""
"chromium-mobile","global-ui-v2-phase2a.spec.ts","Phase 2A T1 生产批","passed","passed","3054",""
"chromium-mobile","global-ui-v2-phase2a.spec.ts","Phase 2A T1 请验单","passed","passed","2441",""
"chromium-desktop","global-ui-v2-refinement.spec.ts","V2 shell and independent T1/T2 visual foundation","passed","passed","2675",""
"chromium-desktop","global-ui-v2-refinement.spec.ts","T6 remains a decision workbench; readable evidence and signed form","passed","passed","2786",""
"chromium-mobile","global-ui-v2-refinement.spec.ts","V2 shell and independent T1/T2 visual foundation","passed","passed","3248",""
"chromium-mobile","global-ui-v2-refinement.spec.ts","T6 remains a decision workbench; readable evidence and signed form","passed","passed","3701",""
"chromium-desktop","incoming-detail-presentation.spec.ts","complete read-model detail /quality/inspection-requests/21","passed","passed","1122",""
"chromium-desktop","incoming-detail-presentation.spec.ts","complete read-model detail /quality/sampling-tasks/31","passed","passed","1321",""
"chromium-desktop","incoming-detail-presentation.spec.ts","complete read-model detail /quality/samples/41","passed","passed","936",""
"chromium-desktop","incoming-detail-presentation.spec.ts","complete read-model detail /quality/inspection-tasks/201","passed","passed","3491",""
"chromium-desktop","incoming-detail-presentation.spec.ts","complete read-model detail /quality/inspection-reports/91","passed","passed","1553",""
"chromium-desktop","incoming-detail-presentation.spec.ts","complete read-model detail /deviations/71","passed","passed","1144",""
"chromium-desktop","incoming-detail-presentation.spec.ts","complete read-model detail /qa/material-lots/61/review","passed","passed","1097",""
"chromium-desktop","incoming-detail-presentation.spec.ts","incomplete inspection response is visibly identified and does not masquerade as a valid draft","passed","passed","668",""
"chromium-desktop","incoming-detail-presentation.spec.ts","read-only role keeps original IDs without requesting forbidden master or signature APIs","passed","passed","1025",""
"chromium-mobile","incoming-detail-presentation.spec.ts","complete read-model detail /quality/inspection-requests/21","passed","passed","1812",""
"chromium-mobile","incoming-detail-presentation.spec.ts","complete read-model detail /quality/sampling-tasks/31","passed","passed","2029",""
"chromium-mobile","incoming-detail-presentation.spec.ts","complete read-model detail /quality/samples/41","passed","passed","2056",""
"chromium-mobile","incoming-detail-presentation.spec.ts","complete read-model detail /quality/inspection-tasks/201","passed","passed","4470",""
"chromium-mobile","incoming-detail-presentation.spec.ts","complete read-model detail /quality/inspection-reports/91","passed","passed","2498",""
"chromium-mobile","incoming-detail-presentation.spec.ts","complete read-model detail /deviations/71","passed","passed","1421",""
"chromium-mobile","incoming-detail-presentation.spec.ts","complete read-model detail /qa/material-lots/61/review","passed","passed","1154",""
"chromium-mobile","incoming-detail-presentation.spec.ts","incomplete inspection response is visibly identified and does not masquerade as a valid draft","passed","passed","940",""
"chromium-mobile","incoming-detail-presentation.spec.ts","read-only role keeps original IDs without requesting forbidden master or signature APIs","passed","passed","943",""
"chromium-desktop","incoming-production.spec.ts","batch list opens independent detail with release confined to detail","passed","passed","1535",""
"chromium-desktop","incoming-production.spec.ts","batch release selects published process and effective eBR identities","passed","passed","2144",""
"chromium-desktop","incoming-production.spec.ts","independent signed weighing verify preserves 422 input and retries fresh credential","passed","passed","1437",""
"chromium-desktop","incoming-production.spec.ts","charge uses operation concurrency token then navigates bidirectional trace links","passed","passed","2670",""
"chromium-mobile","incoming-production.spec.ts","batch list opens independent detail with release confined to detail","passed","passed","2532",""
"chromium-mobile","incoming-production.spec.ts","batch release selects published process and effective eBR identities","passed","passed","3190",""
"chromium-mobile","incoming-production.spec.ts","independent signed weighing verify preserves 422 input and retries fresh credential","passed","passed","1430",""
"chromium-mobile","incoming-production.spec.ts","charge uses operation concurrency token then navigates bidirectional trace links","passed","passed","2365",""
"chromium-desktop","incoming-quality.spec.ts","request query and create retain formal inline layout","passed","passed","1641",""
"chromium-desktop","incoming-quality.spec.ts","report is automatic and QA OOS failure preserves decision input","passed","passed","2279",""
"chromium-desktop","incoming-quality.spec.ts","receipt attachment conflict retries saved upload without duplicate bytes","passed","passed","1458",""
"chromium-mobile","incoming-quality.spec.ts","request query and create retain formal inline layout","passed","passed","1900",""
"chromium-mobile","incoming-quality.spec.ts","report is automatic and QA OOS failure preserves decision input","passed","passed","2658",""
"chromium-mobile","incoming-quality.spec.ts","receipt attachment conflict retries saved upload without duplicate bytes","passed","passed","1243",""
"chromium-desktop","material-layout.spec.ts","MES003-005 query and edit labels stay beside controls; retired names absent","passed","passed","8693",""
"chromium-desktop","material-layout.spec.ts","MES006 signature dialog labels stay beside controls and cancel clears credential","passed","passed","1824",""
"chromium-mobile","material-layout.spec.ts","MES003-005 query and edit labels stay beside controls; retired names absent","passed","passed","9948",""
"chromium-mobile","material-layout.spec.ts","MES006 signature dialog labels stay beside controls and cancel clears credential","passed","passed","2074",""
"chromium-desktop","mes002.spec.ts","login exposes frozen IAM navigation and independent user routes","passed","passed","3004",""
"chromium-desktop","mes002.spec.ts","direct routes and buttons are denied by the same permission set","passed","passed","2118",""
"chromium-mobile","mes002.spec.ts","login exposes frozen IAM navigation and independent user routes","passed","passed","3487",""
"chromium-mobile","mes002.spec.ts","direct routes and buttons are denied by the same permission set","passed","passed","2809",""
"chromium-desktop","mes003.spec.ts","equipment query → independent create → detail preserves URL filters","passed","passed","1198",""
"chromium-desktop","mes003.spec.ts","read permission denies direct write route and hides write controls","passed","passed","1218",""
"chromium-desktop","mes003.spec.ts","409 requires reload and preserves entered edit values","passed","passed","905",""
"chromium-mobile","mes003.spec.ts","equipment query → independent create → detail preserves URL filters","passed","passed","1888",""
"chromium-mobile","mes003.spec.ts","read permission denies direct write route and hides write controls","passed","passed","1680",""
"chromium-mobile","mes003.spec.ts","409 requires reload and preserves entered edit values","passed","passed","1069",""
"chromium-desktop","mes006.spec.ts","product create and maintain","passed","passed","1643",""
"chromium-desktop","mes006.spec.ts","BOM route parameters rule rename submit sign publish","passed","passed","5069",""
"chromium-desktop","mes006.spec.ts","stale save retains input and read-only hides mutations","passed","passed","1409",""
"chromium-mobile","mes006.spec.ts","product create and maintain","passed","passed","1757",""
"chromium-mobile","mes006.spec.ts","BOM route parameters rule rename submit sign publish","passed","passed","5599",""
"chromium-mobile","mes006.spec.ts","stale save retains input and read-only hides mutations","passed","passed","1822",""
"chromium-desktop","mes007.spec.ts","duplicate edited field code is located before saving or server lint","passed","passed","1112",""
"chromium-desktop","mes007.spec.ts","independent create designer save lint and lifecycle with inline labels","passed","passed","1799",""
"chromium-desktop","mes007.spec.ts","conflict preserves draft and permission hides authoring","passed","passed","1339",""
"chromium-desktop","mes007.spec.ts","device simulation sends number and nullable attributes can be cleared","passed","passed","1253",""
"chromium-mobile","mes007.spec.ts","duplicate edited field code is located before saving or server lint","passed","passed","1338",""
"chromium-mobile","mes007.spec.ts","independent create designer save lint and lifecycle with inline labels","passed","passed","2242",""
"chromium-mobile","mes007.spec.ts","conflict preserves draft and permission hides authoring","passed","passed","1563",""
"chromium-mobile","mes007.spec.ts","device simulation sends number and nullable attributes can be cleared","passed","passed","1416",""
"chromium-desktop","mes008.spec.ts","multi-line receipt confirm lot inventory and implemented issue route","passed","passed","6859",""
"chromium-desktop","mes008.spec.ts","receipt stale save keeps user input and return query","passed","passed","1487",""
"chromium-desktop","mes008.spec.ts","empty stock retains controlled positive adjustment entry","passed","passed","1793",""
"chromium-mobile","mes008.spec.ts","multi-line receipt confirm lot inventory and implemented issue route","passed","passed","8636",""
"chromium-mobile","mes008.spec.ts","receipt stale save keeps user input and return query","passed","passed","1703",""
"chromium-mobile","mes008.spec.ts","empty stock retains controlled positive adjustment entry","passed","passed","2333",""
"chromium-desktop","mes012-quality.spec.ts","production plan uses safe quantity fields and exact signed approval","passed","passed","1408",""
"chromium-desktop","mes012-quality.spec.ts","balance investigation preserves FAIL and signs investigation version","passed","passed","1182",""
"chromium-desktop","mes012-quality.spec.ts","quality scope selector loads actual production sample endpoint","passed","passed","751",""
"chromium-desktop","mes012-quality.spec.ts","plan creation renders structured quantity sources and selectable identities","passed","passed","878",""
"chromium-desktop","mes012-quality.spec.ts","production result signs current instance version and excludes text on numeric items","passed","passed","1442",""
"chromium-desktop","mes012-quality.spec.ts","production CAPA verification retains history and signs own version","passed","passed","1456",""
"chromium-desktop","mes012-quality.spec.ts","quantity observation and reversal bind latest batch version instead of event version zero","passed","passed","2355",""
"chromium-mobile","mes012-quality.spec.ts","production plan uses safe quantity fields and exact signed approval","passed","passed","1637",""
"chromium-mobile","mes012-quality.spec.ts","balance investigation preserves FAIL and signs investigation version","passed","passed","1746",""
"chromium-mobile","mes012-quality.spec.ts","quality scope selector loads actual production sample endpoint","passed","passed","1199",""
"chromium-mobile","mes012-quality.spec.ts","plan creation renders structured quantity sources and selectable identities","passed","passed","1364",""
"chromium-mobile","mes012-quality.spec.ts","production result signs current instance version and excludes text on numeric items","passed","passed","2057",""
"chromium-mobile","mes012-quality.spec.ts","production CAPA verification retains history and signs own version","passed","passed","1905",""
"chromium-mobile","mes012-quality.spec.ts","quantity observation and reversal bind latest batch version instead of event version zero","passed","passed","2865",""
"chromium-desktop","mes012-test-references.spec.ts","multi-item production testing selects frozen item identities after sample enters IN_TEST","passed","passed","1959",""
"chromium-desktop","mes012-test-references.spec.ts","approved production retest picker selects exact old test and batch investigation with actual request key","passed","passed","1351",""
"chromium-mobile","mes012-test-references.spec.ts","multi-item production testing selects frozen item identities after sample enters IN_TEST","passed","passed","2139",""
"chromium-mobile","mes012-test-references.spec.ts","approved production retest picker selects exact old test and batch investigation with actual request key","passed","passed","1515",""
"chromium-desktop","mes013-release.spec.ts","original QA checklist layout and exact signed release then FINAL archive","passed","passed","2819",""
"chromium-desktop","mes013-release.spec.ts","OOS blocker hides release but leaves authorized reject","passed","passed","1435",""
"chromium-desktop","mes013-release.spec.ts","stale review displays conflict and requires refreshed evidence","passed","passed","2909",""
"chromium-desktop","mes013-release.spec.ts","read-only QA preserves original eBR history and hides writes","passed","passed","1705",""
"chromium-desktop","mes013-release.spec.ts","pre-release archive is explicitly REVIEW_COPY","passed","passed","1721",""
"chromium-desktop","mes013-release.spec.ts","download resolves immutable manifest and verifies actual byte hash","passed","passed","2017",""
"chromium-desktop","mes013-release.spec.ts","download blocks a file whose bytes do not match immutable hash","passed","passed","1908",""
"chromium-desktop","mes013-release.spec.ts","reference layout, evidence filtering and original fact drawer","passed","passed","1541",""
"chromium-desktop","mes013-release.spec.ts","QA default presentation hides hashes internal references and lock version","passed","passed","1678",""
"chromium-desktop","mes013-release.spec.ts","QA reference lookups use business labels while signed command retains original identities","passed","passed","2145",""
"chromium-mobile","mes013-release.spec.ts","original QA checklist layout and exact signed release then FINAL archive","passed","passed","3425",""
"chromium-mobile","mes013-release.spec.ts","OOS blocker hides release but leaves authorized reject","passed","passed","1268",""
"chromium-mobile","mes013-release.spec.ts","stale review displays conflict and requires refreshed evidence","passed","passed","2074",""
"chromium-mobile","mes013-release.spec.ts","read-only QA preserves original eBR history and hides writes","passed","passed","1443",""
"chromium-mobile","mes013-release.spec.ts","pre-release archive is explicitly REVIEW_COPY","passed","passed","1809",""
"chromium-mobile","mes013-release.spec.ts","download resolves immutable manifest and verifies actual byte hash","passed","passed","2081",""
"chromium-mobile","mes013-release.spec.ts","download blocks a file whose bytes do not match immutable hash","passed","passed","2086",""
"chromium-mobile","mes013-release.spec.ts","reference layout, evidence filtering and original fact drawer","passed","passed","1536",""
"chromium-mobile","mes013-release.spec.ts","QA default presentation hides hashes internal references and lock version","passed","passed","1562",""
"chromium-mobile","mes013-release.spec.ts","QA reference lookups use business labels while signed command retains original identities","passed","passed","2331",""
"chromium-desktop","mes45.spec.ts","basic create and direct maintenance without version approval","passed","passed","2683",""
"chromium-desktop","mes45.spec.ts","multiple suppliers with exactly one preferred","passed","passed","3197",""
"chromium-desktop","mes45.spec.ts","material specific conversion with named units","passed","passed","1863",""
"chromium-mobile","mes45.spec.ts","basic create and direct maintenance without version approval","passed","passed","2577",""
"chromium-mobile","mes45.spec.ts","multiple suppliers with exactly one preferred","passed","passed","2525",""
"chromium-mobile","mes45.spec.ts","material specific conversion with named units","passed","passed","2140",""
"chromium-desktop","qa-reference-refinement.spec.ts","T6 remains a decision workbench; readable evidence and signed form","passed","passed","3341",""
"chromium-mobile","qa-reference-refinement.spec.ts","T6 remains a decision workbench; readable evidence and signed form","passed","passed","3652",""
"chromium-desktop","qc-specification.spec.ts","QC query horizontal labels and signed version retry preserve binding","passed","passed","2644",""
"chromium-desktop","qc-specification.spec.ts","QC root create horizontal fields and exact controlled save","passed","passed","1889",""
"chromium-mobile","qc-specification.spec.ts","QC query horizontal labels and signed version retry preserve binding","passed","passed","2896",""
"chromium-mobile","qc-specification.spec.ts","QC root create horizontal fields and exact controlled save","passed","passed","1642",""
"chromium-desktop","ui-blueprint.spec.ts","T1 remaining list families share compact queries and bounded results","passed","passed","26147",""
"chromium-desktop","ui-blueprint.spec.ts","T2 create families retain horizontal labels and bounded form width","passed","passed","23690",""
"chromium-desktop","ui-blueprint.spec.ts","Specialized trace and audit plus T1 integration expose only existing evidence","passed","passed","4539",""
"chromium-desktop","ui-blueprint.spec.ts","Consistency closeout renders populated IAM master WMS and production facts","passed","passed","7533",""
"chromium-desktop","ui-blueprint.spec.ts","Issue selectors preserve existing IDs and command contract","passed","passed","1920",""
"chromium-desktop","ui-blueprint.spec.ts","Password confirmation remains client-only and preserves change-password API","passed","passed","1727",""
"chromium-desktop","ui-blueprint.spec.ts","Authorized qualification input does not acquire user lookup permission dependency","passed","passed","1016",""
"chromium-mobile","ui-blueprint.spec.ts","T1 remaining list families share compact queries and bounded results","passed","passed","24713",""
"chromium-mobile","ui-blueprint.spec.ts","T2 create families retain horizontal labels and bounded form width","passed","passed","15145",""
"chromium-mobile","ui-blueprint.spec.ts","Specialized trace and audit plus T1 integration expose only existing evidence","passed","passed","2698",""
"chromium-mobile","ui-blueprint.spec.ts","Consistency closeout renders populated IAM master WMS and production facts","passed","passed","4703",""
"chromium-mobile","ui-blueprint.spec.ts","Issue selectors preserve existing IDs and command contract","passed","passed","1528",""
"chromium-mobile","ui-blueprint.spec.ts","Password confirmation remains client-only and preserves change-password API","passed","passed","1012",""
"chromium-mobile","ui-blueprint.spec.ts","Authorized qualification input does not acquire user lookup permission dependency","passed","passed","635",""
