Method,Path,OperationId,Tag,Permission,MES Task,Audit Required
GET,/audit-events,queryAuditEvents,audit,audit:view,MES-001-R2,False
POST,/auth/reauth,reauthenticateForSignature,auth,ebr:sign,MES-001-R2,False
POST,/balance-investigations/{id}/approve,approveBalanceInvestigation,balance,balance:approve,MES-012-R2,True
POST,/balances/{id}/investigations,openBalanceInvestigation,balance,balance:investigate,MES-012-R2,True
GET,/containers,listContainers,containers,wms:inventory:view,MES-008-R2,False
POST,/containers,createContainers,containers,wms:inventory:create,MES-008-R2,True
GET,/containers/{id},getContainers,containers,wms:inventory:view,MES-008-R2,False
PUT,/containers/{id},updateContainers,containers,wms:inventory:update,MES-008-R2,True
GET,/deviations,listDeviations,deviations,qms:deviation:view,MES-012-R2,False
POST,/deviations,createDeviations,deviations,qms:deviation:create,MES-012-R2,True
GET,/deviations/{id},getDeviations,deviations,qms:deviation:view,MES-012-R2,False
PUT,/deviations/{id},updateDeviations,deviations,qms:deviation:update,MES-012-R2,True
POST,/deviations/{id}/close,closeDeviation,qms,qms:deviation:close,MES-012-R2,True
POST,/deviations/{id}/decide,decideDeviation,qms,qms:deviation:decide,MES-012-R2,True
POST,/deviations/{id}/investigate,investigateDeviation,qms,qms:deviation:investigate,MES-012-R2,True
GET,/ebr/templates,listEbrTemplates,ebr,ebr:template:view,MES-007-R2;MES-013-R2,False
POST,/ebr/templates,createEbrTemplates,ebr,ebr:template:create,MES-007-R2;MES-013-R2,True
GET,/ebr/templates/{id},getEbrTemplates,ebr,ebr:template:view,MES-007-R2;MES-013-R2,False
PUT,/ebr/templates/{id},updateEbrTemplates,ebr,ebr:template:update,MES-007-R2;MES-013-R2,True
POST,/ebr/templates/{id}/versions,createEbrVersion,ebr,ebr:designer:edit,MES-007-R2;MES-013-R2,True
POST,/ebr/versions/{id}/approve,approveEbrVersion,ebr,ebr:template:approve,MES-007-R2;MES-013-R2,True
GET,/ebr/versions/{id}/compare,compareEbrVersion,ebr,ebr:template:view,MES-007-R2;MES-013-R2,False
POST,/ebr/versions/{id}/lint,lintEbrVersion,ebr,ebr:designer:edit,MES-007-R2;MES-013-R2,True
POST,/ebr/versions/{id}/publish,publishEbrVersion,ebr,ebr:template:publish,MES-007-R2;MES-013-R2,True
POST,/ebr/versions/{id}/simulate,simulateEbrVersion,ebr,ebr:designer:edit,MES-007-R2;MES-013-R2,True
POST,/ebr/versions/{id}/submit,submitEbrVersion,ebr,ebr:template:submit,MES-007-R2;MES-013-R2,True
GET,/equipment,listEquipment,equipment,master:equipment:view,MES-003-R2,False
POST,/equipment,createEquipment,equipment,master:equipment:create,MES-003-R2,True
GET,/equipment/{id},getEquipment,equipment,master:equipment:view,MES-003-R2,False
PUT,/equipment/{id},updateEquipment,equipment,master:equipment:update,MES-003-R2,True
GET,/execution-units/{id},getExecutionUnit,production,mes:execution:view,MES-009-R2,False
GET,/execution-units/{id}/forms,listExecutionForms,ebr,ebr:form:view,MES-007-R2;MES-013-R2,False
GET,/execution-units/{id}/material-charges,listMaterialCharges,mes,mes:charge:view,MES-010-R2;MES-011-R2,False
GET,/execution-units/{id}/operations,listOperations,mes,mes:operation:view,MES-010-R2;MES-011-R2,False
GET,/execution-units/{id}/weighings,listWeighings,mes,mes:weigh:view,MES-010-R2;MES-011-R2,False
POST,/field-values/{id}/corrections,correctFieldValue,ebr,ebr:record:correct,MES-007-R2;MES-013-R2,True
PUT,/forms/{id}/draft-values,saveDraftValues,ebr,ebr:form:edit,MES-007-R2;MES-013-R2,True
GET,/forms/{id}/render-model,getFormRenderModel,ebr,ebr:form:view,MES-007-R2;MES-013-R2,False
POST,/forms/{id}/reviews,reviewForm,ebr,ebr:review:verify,MES-007-R2;MES-013-R2,True
POST,/forms/{id}/submit,submitForm,ebr,ebr:form:submit,MES-007-R2;MES-013-R2,True
GET,/integration/messages,queryIntegrationMessages,integration,integration:view,MES-001-R2,False
POST,/integration/messages/{messageRef}/retry,retryIntegrationMessage,integration,integration:view;integration:retry,MES-001-R2,True
GET,/inventory,queryInventory,wms,wms:inventory:view,MES-008-R2,False
POST,/inventory/adjust,adjustInventory,wms,wms:inventory:adjust,MES-008-R2,True
POST,/inventory/move,moveInventory,wms,wms:inventory:move,MES-008-R2,True
POST,/inventory/receive,receiveInventory,wms,wms:receipt:create,MES-008-R2,True
GET,/ipc,listIpc,qms,qms:ipc:view,MES-012-R2,False
POST,/ipc,createIpc,qms,qms:ipc:record,MES-012-R2,True
GET,/locations,listLocations,locations,wms:inventory:view,MES-008-R2,False
POST,/locations,createLocations,locations,wms:inventory:create,MES-008-R2,True
GET,/locations/{id},getLocations,locations,wms:inventory:view,MES-008-R2,False
PUT,/locations/{id},updateLocations,locations,wms:inventory:update,MES-008-R2,True
GET,/main-batches,listMainBatches,production,production:batch:view,MES-009-R2,False
POST,/main-batches,createMainBatch,production,production:batch:create,MES-009-R2,True
GET,/main-batches/{id},getMainBatch,production,production:batch:view,MES-009-R2,False
POST,/main-batches/{id}/complete-production,completeProduction,production,production:batch:complete,MES-009-R2,True
GET,/main-batches/{id}/ebr,getBatchEbr,ebr,ebr:form:view,MES-007-R2;MES-013-R2,False
POST,/main-batches/{id}/ebr/pdf,generateBatchEbrPdf,ebr,ebr:pdf:generate,MES-007-R2;MES-013-R2,True
GET,/main-batches/{id}/execution-units,listExecutionUnits,production,mes:execution:view,MES-009-R2,False
GET,/main-batches/{id}/material-balance,getMaterialBalance,balance,balance:view,MES-012-R2,False
POST,/main-batches/{id}/material-balance/recalculate,recalculateBalance,balance,balance:view,MES-012-R2,True
POST,/main-batches/{id}/release,releaseMainBatch,production,production:batch:release,MES-009-R2,True
GET,/main-batches/{id}/reservations,getBatchReservations,wms,wms:reservation:view,MES-008-R2,False
POST,/main-batches/{id}/reservations,reserveBatchMaterials,wms,wms:reservation:create,MES-008-R2,True
POST,/main-batches/{id}/start,startMainBatch,production,production:batch:start,MES-009-R2,True
GET,/main-batches/{id}/sub-batches,listSubBatches,production,production:batch:view,MES-009-R2,False
POST,/main-batches/{id}/sub-batches,createSubBatch,production,production:subbatch:create,MES-009-R2,True
POST,/main-batches/{id}/submit-qa,submitBatchQa,production,qa:batch-review,MES-009-R2,True
POST,/material-charges,createMaterialCharge,mes,mes:charge:create,MES-010-R2;MES-011-R2,True
POST,/material-charges/{id}/reverse,reverseMaterialCharge,mes,mes:charge:reverse,MES-010-R2;MES-011-R2,True
GET,/material-issues,listMaterialIssues,material-issues,wms:issue:view,MES-008-R2,False
POST,/material-issues,createMaterialIssues,material-issues,wms:issue:create,MES-008-R2,True
GET,/material-issues/{id},getMaterialIssues,material-issues,wms:issue:view,MES-008-R2,False
PUT,/material-issues/{id},updateMaterialIssues,material-issues,wms:issue:update,MES-008-R2,True
POST,/material-issues/{id}/confirm,confirmMaterialIssue,wms,wms:issue:confirm,MES-008-R2,True
POST,/material-issues/{id}/returns,returnMaterial,wms,wms:issue:return,MES-008-R2,True
GET,/material-lots,listMaterialLots,material-lots,wms:inventory:view,MES-008-R2,False
POST,/material-lots,createMaterialLots,material-lots,wms:inventory:create,MES-008-R2,True
GET,/material-lots/{id},getMaterialLots,material-lots,wms:inventory:view,MES-008-R2,False
PUT,/material-lots/{id},updateMaterialLots,material-lots,wms:inventory:update,MES-008-R2,True
GET,/materials,listMaterials,materials,master:material:view,MES-004-R2,False
POST,/materials,createMaterials,materials,master:material:create,MES-004-R2,True
GET,/materials/{id},getMaterials,materials,master:material:view,MES-004-R2,False
PUT,/materials/{id},updateMaterials,materials,master:material:update,MES-004-R2,True
POST,/materials/{id}/disable,disableMaterial,master,master:material:disable,MES-003-R2;MES-004-R2;MES-005-R2,True
GET,/materials/{id}/suppliers,listMaterialSuppliers,master,master:material:view,MES-003-R2;MES-004-R2;MES-005-R2,False
PUT,/materials/{id}/suppliers,updateMaterialSuppliers,master,master:material:update,MES-003-R2;MES-004-R2;MES-005-R2,True
GET,/menus,listMenus,menus,iam:menu:view,MES-002-R2,False
POST,/menus,createMenus,menus,iam:menu:create,MES-002-R2,True
GET,/menus/{id},getMenus,menus,iam:menu:view,MES-002-R2,False
PUT,/menus/{id},updateMenus,menus,iam:menu:update,MES-002-R2,True
POST,/operations/{id}/complete,completeOperation,mes,mes:operation:complete,MES-010-R2;MES-011-R2,True
POST,/operations/{id}/equipment-usages,bindEquipment,mes,mes:equipment:bind,MES-010-R2;MES-011-R2,True
POST,/operations/{id}/parameter-values,recordParameter,mes,mes:param:record,MES-010-R2;MES-011-R2,True
POST,/operations/{id}/pause,pauseOperation,mes,mes:operation:pause,MES-010-R2;MES-011-R2,True
POST,/operations/{id}/resume,resumeOperation,mes,mes:operation:start,MES-010-R2;MES-011-R2,True
POST,/operations/{id}/start,startOperation,mes,mes:operation:start,MES-010-R2;MES-011-R2,True
GET,/organizations,listOrganizations,organizations,master:org:view,MES-003-R2,False
POST,/organizations,createOrganizations,organizations,master:org:create,MES-003-R2,True
GET,/organizations/{id},getOrganizations,organizations,master:org:view,MES-003-R2,False
PUT,/organizations/{id},updateOrganizations,organizations,master:org:update,MES-003-R2,True
GET,/permissions,listPermissions,permissions,iam:permission:view,MES-002-R2,False
POST,/permissions,createPermissions,permissions,iam:permission:create,MES-002-R2,True
GET,/permissions/{id},getPermissions,permissions,iam:permission:view,MES-002-R2,False
PUT,/permissions/{id},updatePermissions,permissions,iam:permission:update,MES-002-R2,True
GET,/process-packages,listProcessPackages,process-packages,process:package:view,MES-006-R2,False
POST,/process-packages,createProcessPackages,process-packages,process:package:create,MES-006-R2,True
GET,/process-packages/{id},getProcessPackages,process-packages,process:package:view,MES-006-R2,False
PUT,/process-packages/{id},updateProcessPackages,process-packages,process:package:update,MES-006-R2,True
POST,/process-packages/{id}/versions,createProcessVersion,process,process:package:edit,MES-006-R2,True
POST,/process-versions/{id}/approve,approveProcessVersion,process,process:package:approve,MES-006-R2,True
GET,/process-versions/{id}/formula,getFormula,process,process:package:view,MES-006-R2,False
PUT,/process-versions/{id}/formula,updateFormula,process,process:package:edit,MES-006-R2,True
POST,/process-versions/{id}/lint,lintProcessVersion,process,process:package:edit,MES-006-R2,True
POST,/process-versions/{id}/publish,publishProcessVersion,process,process:package:publish,MES-006-R2,True
GET,/process-versions/{id}/route,getRoute,process,process:package:view,MES-006-R2,False
PUT,/process-versions/{id}/route,updateRoute,process,process:package:edit,MES-006-R2,True
POST,/process-versions/{id}/submit,submitProcessVersion,process,process:package:submit,MES-006-R2,True
GET,/production-orders,listProductionOrders,production-orders,production:order:view,MES-009-R2,False
POST,/production-orders,createProductionOrders,production-orders,production:order:create,MES-009-R2,True
GET,/production-orders/{id},getProductionOrders,production-orders,production:order:view,MES-009-R2,False
PUT,/production-orders/{id},updateProductionOrders,production-orders,production:order:update,MES-009-R2,True
GET,/products,listProducts,products,master:product:view,MES-006-R2,False
POST,/products,createProducts,products,master:product:create,MES-006-R2,True
GET,/products/{id},getProducts,products,master:product:view,MES-006-R2,False
PUT,/products/{id},updateProducts,products,master:product:update,MES-006-R2,True
GET,/qa/batches/{id}/review-model,getQaReviewModel,release,qa:batch-review,MES-013-R2,False
GET,/qualifications,listQualifications,qualifications,master:qualification:view,MES-003-R2,False
POST,/qualifications,createQualifications,qualifications,master:qualification:create,MES-003-R2,True
GET,/qualifications/{id},getQualifications,qualifications,master:qualification:view,MES-003-R2,False
PUT,/qualifications/{id},updateQualifications,qualifications,master:qualification:update,MES-003-R2,True
POST,/records/{type}/{id}/sign,signRecord,ebr,ebr:sign,MES-001-R2,True
POST,/release-decisions,makeReleaseDecision,release,qa:release,MES-013-R2,True
GET,/release-decisions/{id},getReleaseDecision,release,qa:batch-review,MES-013-R2,False
GET,/roles,listRoles,roles,iam:role:view,MES-002-R2,False
POST,/roles,createRoles,roles,iam:role:create,MES-002-R2,True
GET,/roles/{id},getRoles,roles,iam:role:view,MES-002-R2,False
PUT,/roles/{id},updateRoles,roles,iam:role:update,MES-002-R2,True
POST,/roles/{id}/permissions,assignRolePermissions,iam,iam:role:update,MES-002-R2,False
GET,/samples,listSamples,samples,qms:test:view,MES-012-R2,False
POST,/samples,createSamples,samples,qms:test:create,MES-012-R2,True
GET,/samples/{id},getSamples,samples,qms:test:view,MES-012-R2,False
PUT,/samples/{id},updateSamples,samples,qms:test:update,MES-012-R2,True
POST,/samples/{id}/results,recordTestResult,qms,qms:test:record,MES-012-R2,True
GET,/suppliers,listSuppliers,suppliers,master:supplier:view,MES-005-R2,False
POST,/suppliers,createSuppliers,suppliers,master:supplier:create,MES-005-R2,True
GET,/suppliers/{id},getSuppliers,suppliers,master:supplier:view,MES-005-R2,False
PUT,/suppliers/{id},updateSuppliers,suppliers,master:supplier:update,MES-005-R2,True
POST,/test-results/{id}/revisions,reviseTestResult,qms,qms:test:revise,MES-012-R2,True
GET,/trace,traceGenealogy,trace,trace:view,MES-011-R2,False
GET,/unit-conversions,listUnitConversions,unit-conversions,master:uom:view,MES-003-R2,False
POST,/unit-conversions,createUnitConversions,unit-conversions,master:uom:create,MES-003-R2,True
GET,/unit-conversions/{id},getUnitConversions,unit-conversions,master:uom:view,MES-003-R2,False
PUT,/unit-conversions/{id},updateUnitConversions,unit-conversions,master:uom:update,MES-003-R2,True
GET,/units,listUnits,units,master:uom:view,MES-003-R2,False
POST,/units,createUnits,units,master:uom:create,MES-003-R2,True
GET,/units/{id},getUnits,units,master:uom:view,MES-003-R2,False
PUT,/units/{id},updateUnits,units,master:uom:update,MES-003-R2,True
GET,/users,listUsers,users,iam:user:view,MES-002-R2,False
POST,/users,createUsers,users,iam:user:create,MES-002-R2,True
GET,/users/{id},getUsers,users,iam:user:view,MES-002-R2,False
PUT,/users/{id},updateUsers,users,iam:user:update,MES-002-R2,True
POST,/users/{id}/roles,assignUserRoles,iam,iam:user:update,MES-002-R2,False
GET,/warehouses,listWarehouses,warehouses,wms:inventory:view,MES-008-R2,False
POST,/warehouses,createWarehouses,warehouses,wms:inventory:create,MES-008-R2,True
GET,/warehouses/{id},getWarehouses,warehouses,wms:inventory:view,MES-008-R2,False
PUT,/warehouses/{id},updateWarehouses,warehouses,wms:inventory:update,MES-008-R2,True
POST,/weighings,createWeighing,mes,mes:weigh:create,MES-010-R2;MES-011-R2,True
POST,/weighings/{id}/verify,verifyWeighing,mes,mes:weigh:verify,MES-010-R2;MES-011-R2,True
GET,/wms/receipts,listMaterialReceipts,wms,wms:receipt:view,MES-008-R2,False
POST,/wms/receipts,createMaterialReceipt,wms,wms:receipt:create,MES-008-R2,True
GET,/wms/receipts/{id},getMaterialReceipt,wms,wms:receipt:view,MES-008-R2,False
POST,/wms/receipts/{id}/confirm,confirmMaterialReceipt,wms,wms:receipt:confirm,MES-008-R2,True
GET,/wms/material-lots,listWarehouseMaterialLots,wms,wms:inventory:view,MES-008-R2,False
GET,/wms/material-lots/{id},getMaterialLot,wms,wms:inventory:view,MES-008-R2,False
GET,/wms/material-lots/{id}/timeline,getMaterialLotTimeline,wms,wms:inventory:view,MES-008A-R2,False
GET,/wms/material-lots/{id}/eligibility,getMaterialLotEligibility,wms,wms:inventory:view,MES-008A-R2,False
GET,/quality/inspection-requests,listInspectionRequests,quality,qms:inspection-request:view,MES-008A-R2,False
POST,/quality/inspection-requests,createInspectionRequest,quality,qms:inspection-request:create,MES-008A-R2,True
GET,/quality/inspection-requests/{id},getInspectionRequest,quality,qms:inspection-request:view,MES-008A-R2,False
POST,/quality/inspection-requests/{id}/submit,submitInspectionRequest,quality,qms:inspection-request:submit,MES-008A-R2,True
POST,/quality/inspection-requests/{id}/accept,acceptInspectionRequest,quality,qms:inspection-request:accept,MES-008A-R2,True
GET,/quality/sampling-tasks,listSamplingTasks,quality,qms:sampling:view,MES-008A-R2,False
POST,/quality/sampling-tasks,createSamplingTask,quality,qms:sampling:create,MES-008A-R2,True
GET,/quality/sampling-tasks/{id},getSamplingTask,quality,qms:sampling:view,MES-008A-R2,False
POST,/quality/sampling-tasks/{id}/assign,assignSamplingTask,quality,qms:sampling:assign,MES-008A-R2,True
POST,/quality/sampling-tasks/{id}/start,startSamplingTask,quality,qms:sampling:execute,MES-008A-R2,True
POST,/quality/sampling-tasks/{id}/details,recordSamplingDetail,quality,qms:sampling:execute,MES-008A-R2,True
POST,/quality/sampling-tasks/{id}/complete,completeSamplingTask,quality,qms:sampling:complete,MES-008A-R2,True
GET,/quality/samples,listIncomingSamples,quality,qms:test:view,MES-008A-R2,False
GET,/quality/samples/{id},getIncomingSample,quality,qms:test:view,MES-008A-R2,False
POST,/quality/samples/{id}/label,printSampleLabel,quality,qms:sampling:execute,MES-008A-R2,True
GET,/quality/inspection-tasks,listInspectionTasks,quality,qms:test:view,MES-008A-R2,False
POST,/quality/inspection-tasks,createInspectionTask,quality,qms:test:execute,MES-008A-R2,True
GET,/quality/inspection-tasks/{id},getInspectionTask,quality,qms:test:view,MES-008A-R2,False
POST,/quality/inspection-tasks/{id}/assign,assignInspectionTask,quality,qms:test:execute,MES-008A-R2,True
POST,/quality/inspection-tasks/{id}/start,startInspectionTask,quality,qms:test:execute,MES-008A-R2,True
POST,/quality/inspection-items/{id}/executions,recordTestExecution,quality,qms:test:execute,MES-008A-R2,True
POST,/quality/inspection-items/{id}/results,recordInspectionResult,quality,qms:test:execute,MES-008A-R2,True
POST,/quality/test-results/{revisionId}/revisions,reviseInspectionResult,quality,qms:test:correct,MES-008A-R2,True
POST,/quality/inspection-tasks/{id}/submit-review,submitInspectionReview,quality,qms:test:execute,MES-008A-R2,True
POST,/quality/inspection-tasks/{id}/review,reviewInspectionTask,quality,qms:test:review,MES-008A-R2,True
GET,/quality/inspection-reports,listInspectionReports,quality,qms:report:view,MES-008A-R2,False
POST,/quality/inspection-reports,createInspectionReport,quality,qms:report:create,MES-008A-R2,True
GET,/quality/inspection-reports/{id},getInspectionReport,quality,qms:report:view,MES-008A-R2,False
POST,/quality/inspection-reports/{id}/review,reviewInspectionReport,quality,qms:report:review,MES-008A-R2,True
POST,/quality/inspection-reports/{id}/approve,approveInspectionReport,quality,qms:report:approve,MES-008A-R2,True
GET,/qa/material-lots/{lotId}/release-review,getIncomingMaterialReleaseReview,qa,qa:material-release:view,MES-008A-R2,False
POST,/qa/material-lots/{lotId}/release-decisions,decideIncomingMaterialRelease,qa,qa:material-release:decide,MES-008A-R2,True
GET,/qa/main-batches/{batchId}/release-review,getFinishedProductReleaseReview,qa,qa:release,MES-013-R2,False
POST,/qa/main-batches/{batchId}/release-decisions,decideFinishedProductRelease,qa,qa:release,MES-013-R2,True
